"longitude","latitude","all_spp_cpue_2020_std","bathymetry_2020_std","bottom_temperature_2020_std","surface_net_primary_production_2020_std","fishing_activity_hours_2020_std","ship_density_route_2020_std","bottom_salinity_2020_std","bottom_dissolved_oxygen_2020_inv_std","dumping_site_2020","military_area_2020","wind_farm_2020","bedrock_seabed_2020","hard_bottom_seabed_2020","distance_class","distance_class_interpretation"
14.67765369,55.04932413,-0.526832221738235,-1.00735072742503,0.936817126133243,-0.08118618741561,0.869511817760426,0.0245206818489719,-0.725272733939262,-0.832404532966073,1,0,1,1,0,14,"medium attention"
14.57765369,54.94932413,-0.526832221738235,-0.872178354602845,1.042508588736,-0.138359769124789,-0.410491225689218,-0.343706245551132,-0.753607293821269,-0.846295530670571,0,0,0,1,0,2,"medium attention"
14.67765369,54.94932413,-0.606718820182424,-0.942380288360773,1.06381288403493,-0.11892468060584,-0.229725476952323,-0.273097783183689,-0.760110817821906,-0.858113209079239,0,0,0,1,0,2,"medium attention"
14.27765369,54.74932413,-0.506235612061376,-0.972458745565654,0.970960301523225,0.0403733400406377,-0.408029435380311,-0.389260092239805,-0.76454770219649,-0.856253498177191,0,1,0,0,1,4,"medium attention"
14.47765369,53.74932413,-0.750112641668888,-1.35546720662224,1.58299535180917,4.51659627724805,-0.50909072293665,-0.393815476908672,-1.78736557385864,-0.932851483027796,0,0,0,0,1,5,"low attention"
12.57765369,55.24932413,-0.721116859981359,-0.699656787495807,1.29958344571463,-0.163073578854294,-0.497517111034801,-0.366483168895468,-0.201699079216071,-0.72029701955863,0,0,0,0,1,18,"medium attention"
12.27765369,55.14932413,-0.719506068965962,-1.17919352604837,1.51816406250323,-0.0618377864060699,-0.502472663594755,-0.360409322670312,-0.472347268052303,-0.809701409799473,0,0,0,0,1,18,"medium attention"
14.47765369,54.94932413,-0.608118657507583,-0.712338705030873,0.913778337909299,-0.134449798062803,-0.503847428971991,-0.355853938001445,-0.6840340014597,-0.778986706152118,0,0,0,0,1,18,"medium attention"
12.67765369,55.24932413,-0.71266337248781,-0.755190131771638,1.20807305196899,-0.166387301529413,-0.470277564959812,0.0457791436370191,-0.486377479861048,-0.763374381899932,0,0,0,0,1,18,"medium attention"
12.87765369,55.14932413,-0.683004758853503,-0.373176170247628,1.15965315331276,-0.187856560990635,-0.468519140113462,0.320620685325344,-0.285849616452725,-0.628344953200645,0,0,0,0,1,18,"medium attention"
12.07765369,54.54932413,-0.659089659817689,-1.11839831538376,1.32564079649499,0.039614923850934,-0.512543624269089,-0.351298553332577,-0.0598012161461938,-0.699986435683328,0,0,0,0,1,18,"medium attention"
12.17765369,54.64932413,-0.636496752002069,-0.907326564783234,1.24708249407147,-0.00959672704436474,-0.460973915870305,-0.382427015236504,0.0628856075239677,-0.617670365519373,0,0,0,0,1,18,"medium attention"
12.67765369,55.14932413,-0.655775921829655,-0.540601033267292,1.25373955662069,-0.197393779307718,-0.482234828977374,-0.0498839344091934,-0.218614962540955,-0.67705676735771,0,0,0,0,1,18,"medium attention"
12.67765369,55.04932413,-0.652206821209575,-0.699330640490566,1.27357997621535,-0.218740126842847,-0.381397346614574,-0.220710859491716,-0.255766592077606,-0.692843921377678,0,0,0,0,1,18,"medium attention"
12.77765369,54.94932413,-0.612912072901548,-0.421509642395628,1.13740805452152,-0.222914906658409,0.0809716396162768,-0.351298553332577,-0.245693428161806,-0.667780905920721,0,0,0,0,1,18,"medium attention"
12.97765369,55.14932413,-0.66335587718237,-0.353727631098248,1.04157202309726,-0.188150490133278,-0.486103356605657,0.288732992643273,-0.331282121552476,-0.616334021980223,0,0,0,0,1,18,"medium attention"
12.17765369,54.74932413,-0.631803638093112,-1.00717440617172,1.31801387088613,0.0474159116943251,-0.514078246799317,-0.381667784458359,-0.179444779471802,-0.711058242514721,0,0,0,0,1,18,"medium attention"
12.27765369,54.84932413,-0.656447325536722,-0.814473886232059,1.26522474520028,-0.0101298353237067,-0.515996524642389,-0.396093169243105,-0.0823580459687683,-0.635930183557841,0,0,0,0,1,18,"medium attention"
12.57765369,55.04932413,-0.599794242194066,-0.798292354554688,1.33461959739236,-0.182692147258931,-0.490163712369931,-0.347502399441855,-0.350602183079072,-0.739571690699403,0,0,0,0,1,18,"medium attention"
12.87765369,54.94932413,-0.531942076640874,-0.371806219647171,1.05795314336433,-0.219217382767133,0.137464931510293,-0.351298553332577,-0.316684665846909,-0.678662787452486,0,0,0,0,1,18,"medium attention"
12.57765369,54.94932413,-0.630112780420708,-0.902636195144469,1.27610513153482,-0.156427546673178,-0.33219349895062,-0.236654705832751,-0.333005101174861,-0.729590348298027,0,0,0,0,1,18,"medium attention"
14.37765369,54.84932413,-0.507072957061358,-0.89904808742939,1.07748783209438,-0.0278107189542619,-0.232730788998743,-0.368001630451757,-0.728734793551496,-0.828432918305233,0,0,0,0,1,18,"medium attention"
12.27765369,54.44932413,-0.632873793538234,-0.879807376749929,1.22291462057522,0.0831843845364936,-0.425677594477932,-0.375593938233203,0.186668849776414,-0.610341701107658,0,0,0,0,1,18,"medium attention"
14.47765369,54.74932413,-0.548958288292573,-0.870075221609348,0.858425916221867,-0.0261420686053555,0.167422010181148,-0.385463938349082,-0.76258587305367,-0.835630089841273,0,0,0,0,1,18,"medium attention"
13.17765369,54.94932413,-0.424020406660076,0.015933013183103,0.923799650784636,-0.195467791682557,-0.422032869165771,-0.282967783299568,-0.0503515778516498,-0.416516605823944,0,0,0,0,1,18,"medium attention"
14.47765369,54.84932413,-0.402700300932356,-0.944177110928114,1.13950760826112,-0.0676868507993373,-0.481723288133965,-0.374075476676914,-0.766132494375918,-0.857804060761912,0,0,1,0,1,18,"medium attention"
14.37765369,54.74932413,-0.402700300932356,-1.11633043963154,1.14586983728347,0.0254083996579005,-0.421617239033371,-0.393056246130527,-0.776198069744603,-0.868199535822327,0,0,0,0,1,18,"medium attention"
14.57765369,55.24932413,-0.271058566943068,-0.0429028411347251,0.797953562015452,-0.248532642660525,2.15712403125578,-0.385463938349082,-0.108453794738269,-0.287207765326322,0,0,1,0,1,1,"medium attention"
14.47765369,55.24932413,-0.231210268219444,0.016239148374461,0.691449036935103,-0.257750332838898,0.418332793873414,6.38459691036582,-0.0480966410765253,-0.176337367782908,0,0,0,0,1,10,"medium attention"
14.07765369,55.24932413,0.209500449560409,-0.276592217151758,0.319300170092757,-0.199481536665203,0.0793411351492124,-0.240450859723474,-0.567578450014857,-0.660505018763425,0,0,0,0,1,8,"medium attention"
14.17765369,54.34932413,-0.778999118943278,-1.0079018408634,1.34807417706622,0.88047892703405,-0.457744814296284,-0.36344624578289,-0.761231102384866,-0.800418168919969,0,1,0,0,0,4,"medium attention"
14.07765369,54.34932413,-0.778999118943278,-1.02560637321342,1.37929020645535,1.08872584141643,-0.366147032023304,0.229512991947999,-0.740762337186365,-0.748152993042412,0,1,0,0,0,4,"medium attention"
14.17765369,54.44932413,-0.778609095101211,-1.01264208232555,1.01754642039939,0.461191561892238,-0.428842753446527,-0.327003168431952,-0.752192700106045,-0.801575008700393,0,1,0,0,0,4,"medium attention"
13.97765369,54.34932413,-0.771747277832262,-1.00813623492863,1.41075626920504,1.24171986431489,-0.316751366134462,-0.302707783531326,-0.710790649444996,-0.678654332484714,0,1,0,0,0,4,"medium attention"
14.27765369,54.54932413,-0.778057518815175,-0.833803686282605,0.451010782252993,0.109183441469262,-0.396391881192749,-0.361927784226601,-0.674420121710437,-0.630106844044995,0,1,0,0,0,4,"medium attention"
14.37765369,54.44932413,-0.778057518815175,-1.11958269233359,1.12773061319292,0.254889375069936,-0.521591502617178,-0.358890861114023,-0.778275700116393,-0.866438186568212,0,0,0,0,0,2,"medium attention"
14.27765369,54.44932413,-0.775593929851991,-1.08820620088917,1.07359203384918,0.315846310797157,-0.518841970551882,-0.377871630567636,-0.768200335521931,-0.841362526025823,0,1,0,0,0,4,"medium attention"
14.07765369,54.24932413,-0.773553023115136,-1.06586905628966,1.46203490279737,1.86210761453989,-0.313458328349275,0.271270684745949,-0.749775899620964,-0.727229459635465,0,1,0,0,0,17,"medium attention"
14.27765369,54.34932413,-0.773551585141217,-1.21374130821367,1.30788540085626,0.683345222750552,-0.402882052446375,-0.390778553796094,-0.787635312947,-0.867863274113196,0,1,0,0,0,4,"medium attention"
14.17765369,54.24932413,-0.772425099703731,-1.00774097531923,1.41920957625985,1.62182965012034,-0.477375190964986,0.183199914481182,-0.748358042830481,-0.729957203844132,0,1,0,0,0,17,"medium attention"
14.37765369,54.34932413,-0.771297176292326,-1.2286761459425,1.28905782826458,0.520233196656531,-0.521591502617178,-0.38850086146166,-0.791731155366673,-0.884700833890185,0,0,0,0,0,2,"medium attention"
14.17765369,54.14932413,-0.771297176292326,-1.03474602445646,1.4059596243726,1.78164932686371,-0.176461289829459,1.32811992792315,-0.790398454722394,-0.801191575880598,0,0,0,0,0,17,"medium attention"
13.97765369,54.54932413,-0.76449543627258,-0.872984434671675,0.930826012002008,0.460774843306737,-0.0327822554368686,-0.215396244044704,-0.643550696197824,-0.623814532138519,0,1,0,0,0,4,"medium attention"
14.57765369,54.54932413,-0.778472274013985,-0.745514822799389,0.237024967385409,0.0207160669338131,-0.193214252451114,-0.290560091081014,-0.694753203686528,-0.646948892234189,0,0,0,0,0,8,"medium attention"
14.57765369,54.34932413,-0.778472274013985,-1.1264056694588,1.02779657736745,0.359000890145737,-0.201910453183332,-0.392297015352383,-0.783746865519972,-0.880319464454534,0,0,0,0,0,2,"medium attention"
14.47765369,54.24932413,-0.765851080015518,-1.21395257829501,1.15693789999035,0.705652206295992,-0.39329066163245,-0.393815476908672,-0.790588130457526,-0.874534009147921,0,0,0,0,0,2,"medium attention"
14.37765369,54.14932413,-0.765851080015518,-1.11895738448193,1.25555577957882,1.67708434823197,-0.0701567083084614,-0.390778553796094,-0.796414452513649,-0.844911070551065,0,0,0,0,0,17,"medium attention"
14.37765369,54.24932413,-0.765851080015518,-1.16825251015205,1.27494759210283,1.04748539944005,-0.467528029729356,-0.393056246130527,-0.794114654777498,-0.867764459900497,0,0,0,0,0,2,"medium attention"
14.27765369,54.24932413,-0.765851080015518,-1.01153936479139,1.32582060256785,1.35485401501769,-0.372413404157938,-0.384704707570937,-0.780642315009889,-0.818858164394612,0,0,0,0,0,17,"medium attention"
14.27765369,54.14932413,-0.765851080015518,-1.03337386589755,1.33644126901937,1.7241318428521,0.10562148203676,-0.387741630683515,-0.792209524729203,-0.817797230881426,0,0,0,0,0,17,"medium attention"
14.27765369,54.04932413,-0.765851080015518,-1.08297439077287,1.38036843748483,1.83317753379904,-0.492050019549716,-0.360409322670312,-0.810086181356697,-0.818603453542853,0,0,0,0,0,17,"medium attention"
14.37765369,54.04932413,-0.761377828056444,-1.08446788190562,1.33224761020904,2.14600492094236,-0.424270853961426,-0.0521616267436271,-0.808045709570612,-0.830647417272595,0,0,0,0,0,17,"medium attention"
14.27765369,53.94932413,-0.760535038496866,-1.21990518170417,1.40922337702837,1.87199626787834,-0.521591502617178,1.78669531792246,-0.843328507609332,-0.845140836072878,0,0,0,0,0,17,"medium attention"
14.57765369,54.44932413,-0.764031715482002,-1.06606707161092,0.868139076601973,0.227413782742,-0.460973915870305,-0.372557015120625,-0.779019655980359,-0.862463027910526,0,0,0,0,0,2,"medium attention"
14.17765369,54.04932413,-0.757102942468327,-1.06581340171795,1.4192101816675,1.917728935594,-0.495598833191729,1.58094377704529,-0.812414992637983,-0.806157885503145,0,0,0,0,0,17,"medium attention"
14.07765369,54.14932413,-0.752228143583205,-1.0808278696435,1.44860453942961,2.029136317653,-0.351152484656608,0.223439145722842,-0.800487567234713,-0.8062388836848,0,0,0,0,0,17,"medium attention"
14.37765369,53.94932413,-0.757120038878992,-1.21460854522685,1.38475824837464,1.85285737444187,-0.521591502617178,-0.319410860650507,-0.839218980509696,-0.846252181940482,0,0,0,0,0,17,"medium attention"
14.47765369,54.14932413,-0.753462916757105,-1.06603962984162,1.1470382740532,1.48612174738677,-0.177260572397286,-0.336113937769686,-0.795205331359133,-0.852881010076763,0,0,0,0,0,17,"medium attention"
14.47765369,54.34932413,-0.738351392415886,-1.21781508267491,1.20807728982256,0.426311643676718,-0.496014460446712,-0.392297015352383,-0.788686731444895,-0.884481603533357,0,0,0,0,0,2,"medium attention"
14.47765369,54.04932413,-0.74783789255553,-1.11911810983827,1.29861963673151,2.88734847875941,-0.521591502617178,0.0328722204085618,-0.811371655942765,-0.838871196572927,0,0,0,0,0,17,"medium attention"
14.67765369,54.34932413,-0.65141148927598,-1.13387235408942,0.88229048048411,0.364964170155429,-0.44805750637709,-0.360409322670312,-0.784191099068065,-0.881578474814498,0,0,0,0,0,2,"medium attention"
14.67765369,54.54932413,-0.62164293457175,-0.64018647806989,0.116479343697248,-0.043556979891605,-0.320843689684606,-0.333836245435253,-0.665238295891148,-0.554939537951969,0,0,0,0,0,8,"medium attention"
14.57765369,54.24932413,-0.726089990708587,-1.01514376934264,0.884947009264209,0.544730731614239,-0.493041128335257,-0.353576245667011,-0.781773463842802,-0.856549289122542,0,0,0,0,0,2,"medium attention"
13.97765369,54.24932413,-0.734588811395512,-1.12670521582177,1.46034702626161,2.05765255816436,-0.513183049683924,0.110313759779305,-0.766336816006981,-0.765738335981029,0,1,0,0,0,17,"medium attention"
13.97765369,54.44932413,-0.728738765587247,-0.970317095963651,1.17236792483501,0.817740074586568,0.287985824683482,-0.109863165882612,-0.708255644691026,-0.700394827511797,0,1,0,0,0,4,"medium attention"
14.67765369,54.44932413,-0.624310883183773,-1.00815487991109,0.720805254015093,0.180627208032747,0.108371014070085,-0.374834707455058,-0.777117649883959,-0.846737045567947,0,0,0,0,0,2,"medium attention"
14.07765369,54.44932413,-0.764717034559145,-0.971381647358899,1.0479790522859,0.643881461336142,-0.195580128851882,0.328212993106789,-0.731482201739206,-0.750636267818627,0,1,0,0,0,4,"medium attention"
14.17765369,54.54932413,-0.767048026175033,-0.872433286186353,0.551803165048478,0.143250683422075,-0.412409497457743,-0.362687015004745,-0.670226045548365,-0.635483062322166,0,1,0,0,0,4,"medium attention"
13.97765369,54.14932413,-0.722212961770236,-1.12037587512132,1.45812154773024,2.61164147316205,-0.376090110364203,-0.386982399905371,-0.830033537482949,-0.825779838005274,0,0,0,0,0,17,"medium attention"
14.57765369,54.14932413,-0.721285957638243,-1.06625057749093,1.0400978554629,1.45918890889291,-0.521591502617178,-0.310300091312772,-0.79191949045848,-0.840774195428563,0,0,0,0,0,17,"medium attention"
13.97765369,54.04932413,-0.718258726419413,-1.41535770105516,1.40771651738077,9.60010921997019,-0.521591502617178,-0.344465476329276,-1.27965468842806,-0.906814075833705,0,0,0,0,0,5,"low attention"
12.97765369,54.64932413,-0.777281066290172,-0.963969706079047,1.07406122478003,0.173149484066726,-0.505861621362629,-0.170601628134176,-0.304775958859856,-0.731441336245136,0,0,0,0,0,2,"medium attention"
12.97765369,54.44932413,-0.777281066290172,-1.41538506572115,1.32928111271075,2.02931881767281,-0.5145578160203,-0.394574707686816,-0.528843621893673,-0.839372453744302,0,0,0,0,0,17,"medium attention"
12.87765369,54.54932413,-0.736687017242879,-1.16902883535225,1.18368602090246,0.55196505077196,-0.506149363726472,-0.374075476676914,-0.370395011090913,-0.778050114287503,0,0,0,0,0,2,"medium attention"
12.97765369,54.54932413,-0.732473733470384,-1.25885208276057,1.18824837297329,0.893291530773768,-0.507076531185439,-0.386982399905371,-0.400527613973848,-0.786893329618867,0,0,0,0,0,2,"medium attention"
14.57765369,54.04932413,-0.71769881392264,-1.16845904188447,1.28857955621894,3.81907997670494,-0.521591502617178,-0.384704707570937,-0.813270525439691,-0.839914226143193,0,0,0,0,0,5,"low attention"
13.87765369,54.44932413,-0.701658118393569,-0.94323711642698,1.27635092704182,0.93914395647223,-0.253224381249308,0.105758375110438,-0.651108661467623,-0.623678605381308,0,0,0,0,0,2,"medium attention"
14.37765369,54.54932413,-0.657895569416051,-0.872892261168153,0.459903312559849,0.100795115894334,-0.501065925955666,0.259122992295636,-0.700923476640624,-0.688605258470869,0,0,0,0,0,2,"medium attention"
14.07765369,54.54932413,-0.671854518402971,-0.880288536457102,0.744756391571674,0.298305149916667,-0.391724074193769,-0.334595476213397,-0.660761128978963,-0.62834840433488,0,1,0,0,0,4,"medium attention"
13.07765369,54.44932413,-0.724283195547719,-1.41525879503072,1.35025546083895,2.62192026622406,-0.314161700206093,-0.396093169243105,-0.665330699099848,-0.874015280045679,0,0,0,0,0,17,"medium attention"
13.87765369,54.14932413,-0.692785987563306,-1.23059829293237,1.46529926086079,3.25668687455341,-0.432647338469384,-0.365723938117324,-0.843526796345438,-0.85350175793116,0,0,0,0,0,5,"low attention"
13.87765369,54.24932413,-0.690264301761801,-1.31492208360397,1.45220126629438,2.41914804622787,-0.455027250368541,-0.38014932290207,-0.787050564801501,-0.806504057367618,0,0,0,0,0,17,"medium attention"
14.47765369,54.54932413,-0.651687472588625,-0.872879644262727,0.386350944394302,0.0734145093149629,-0.44681062876841,-0.272338552405545,-0.70764677761328,-0.692650614704752,0,0,0,0,0,2,"medium attention"
13.07765369,54.64932413,-0.700896288335958,-0.943430996207013,1.08361637376278,0.25118156258694,-0.349170267085527,-0.110622396660757,-0.309048816788557,-0.726052650828444,0,0,0,0,0,2,"medium attention"
12.47765369,55.14932413,-0.721116859981359,-0.954063297455761,1.39993521282047,-0.151851236193228,-0.512191939299819,-0.375593938233203,-0.34917110956903,-0.763653104023902,0,0,0,0,0,19,"medium attention"
12.37765369,55.14932413,-0.721116859981359,-1.11938040128327,1.48300985633322,-0.122190696061016,-0.482970168939775,-0.385463938349082,-0.421120021900005,-0.782724003081707,0,0,0,0,0,19,"medium attention"
13.47765369,54.24932413,-0.689812235065621,-1.25838061353771,1.43005484895053,3.83641655996255,-0.484792533194421,-0.392297015352383,-0.869258320148592,-0.875656189577946,0,0,0,0,0,5,"low attention"
14.57765369,55.04932413,-0.526832221738235,-0.516390874010453,0.81651899309351,-0.179619747177119,-0.336094004275877,-0.314096245203495,-0.554780656200271,-0.681089177538288,0,0,0,0,0,8,"medium attention"
12.87765369,54.74932413,-0.679728726740086,-0.792127944845708,1.05589112489919,-0.0353875930988304,-0.466377062831685,2.84734071499039,-0.276686951714901,-0.727179373206094,0,0,0,0,0,9,"medium attention"
12.87765369,55.04932413,-0.734855007063526,-0.634307455752236,1.13120383689653,-0.211647704512608,-0.520056880118921,-0.347502399441855,-0.354130351584253,-0.68865867393186,0,0,1,0,0,6,"medium attention"
14.77765369,54.84932413,-0.706800564380598,-0.124333855768011,0.0994408112600935,-0.167345549116646,1.50136067327906,-0.276134706296267,-0.621060139686717,-0.497522893208453,0,0,1,0,0,14,"medium attention"
14.47765369,54.44932413,-0.622822416414636,-1.11952994665952,1.03167360797542,0.255505098291131,-0.478110530927387,-0.377871630567636,-0.781389774253105,-0.87255954475519,0,0,0,0,0,2,"medium attention"
14.87765369,54.94932413,-0.617186613016992,-0.471375858271029,0.54370390038897,-0.105575385952162,-0.347092126014916,-0.343706245551132,-0.717095404101542,-0.750890219578997,0,0,0,0,0,8,"medium attention"
12.77765369,55.24932413,-0.706685856236452,-0.73309656354075,1.19978865364928,-0.145892886133736,-0.488501204309138,2.7554737908349,-0.593546862963774,-0.773728755801519,1,0,0,0,0,9,"medium attention"
14.27765369,54.64932413,-0.675911964836576,-0.475474985702787,0.379667970397548,0.0156527937332207,0.534388686664507,-0.361168553448456,-0.680131565810823,-0.700654164123769,0,1,0,0,0,4,"medium attention"
12.87765369,55.24932413,-0.718353901897549,-0.712741254407855,1.1538466885156,-0.13650120852037,-0.511904197895114,-0.352817014888866,-0.621394010464606,-0.764260858851592,1,0,0,0,0,7,"low attention"
13.57765369,54.24932413,-0.677843619205526,-1.25853959005076,1.45422514407739,4.0364864935916,-0.436292066978675,-0.38014932290207,-0.862538231660881,-0.868334424766753,0,0,0,0,0,5,"low attention"
13.87765369,54.54932413,-0.610196960539647,-0.835747916361664,1.11829412411011,0.544455174956812,0.647439149115359,-0.0908823964289988,-0.571561817518712,-0.599189061512159,0,1,0,0,0,4,"medium attention"
12.77765369,55.34932413,-0.706685856236452,-1.33691295022469,1.43347176974243,-0.0531423341199527,-0.521591502617178,-0.392297015352383,-0.666054153239025,-0.847390757255465,1,0,0,0,0,7,"low attention"
14.77765369,54.94932413,-0.619544264355271,-0.942802428988123,0.995413927431557,-0.0865211896725425,-0.414775380252771,-0.354335476445156,-0.762520143588078,-0.852420155419705,0,0,0,0,0,2,"medium attention"
14.67765369,54.84932413,-0.576614728509346,-0.69650722238513,0.687297151252806,-0.129336490460807,0.436236755364043,-0.348261630219999,-0.73143407770292,-0.76556697018284,0,0,1,0,0,14,"medium attention"
14.17765369,54.64932413,-0.605065679601283,-0.522549290689356,0.446583012303356,0.036714337126698,-0.381717053247445,-0.238932398167185,-0.650337197120367,-0.66204451680168,0,1,0,0,0,4,"medium attention"
12.67765369,54.84932413,-0.689015189228634,-0.894653549175885,1.1121758743718,-0.103580409645016,-0.512927279581933,-0.308022398978338,-0.264924577211376,-0.735929962417271,0,0,0,0,0,19,"medium attention"
13.77765369,54.44932413,-0.657225419729922,-0.943696967582768,1.32359270240587,1.23614038552136,-0.157150622990757,0.00022529694834645,-0.593978550113971,-0.57864640395532,0,0,0,0,0,17,"medium attention"
13.87765369,54.34932413,-0.657225419729922,-0.901214375043931,1.41087190206671,1.40724416709692,-0.431496371571713,0.278862992527394,-0.665545265269515,-0.598026978032974,0,0,0,0,0,17,"medium attention"
13.77765369,54.34932413,-0.657225419729922,-1.00903336699828,1.44298272396653,1.93678291752796,-0.470661217395238,-0.16452778190902,-0.664965222023227,-0.620857673362813,0,0,0,0,0,17,"medium attention"
13.77765369,54.24932413,-0.657225419729922,-1.33949709572813,1.48429634759523,3.39847989749446,-0.426189135321341,-0.250320859839353,-0.818665046517411,-0.845208439780858,0,0,0,0,0,5,"low attention"
12.37765369,54.74932413,-0.655392969858075,-0.813822573536445,1.16686961253308,0.0224964219928309,-0.472707380768876,-0.355853938001445,0.118001604645179,-0.556794626261141,0,0,0,0,0,19,"medium attention"
14.77765369,54.54932413,-0.545898566939159,-0.430857227249458,-0.0147174589881332,-0.0991834452415795,-0.283277408996735,-0.31333701442535,-0.620151777949513,-0.414054037269725,0,0,0,0,0,8,"medium attention"
12.97765369,54.74932413,-0.677494651425675,-0.619555629741293,1.05710315101992,-0.0632103641557255,-0.468135487678035,0.755659921202168,-0.261922927400168,-0.710936524423661,0,0,0,0,0,3,"medium attention"
14.57765369,54.74932413,-0.573141375416309,-0.277924877787291,0.185061859900919,-0.0894589500585314,0.915678378878116,-0.37179778434248,-0.682423774999859,-0.629563296523364,0,0,1,0,0,14,"medium attention"
14.77765369,54.44932413,-0.516548442455383,-0.872875473674545,0.550799701864108,0.11999837427067,0.0444604119179373,-0.362687015004745,-0.77249574408314,-0.821030224190112,0,0,0,0,0,2,"medium attention"
14.67765369,54.24932413,-0.654054227356175,-0.954280413369952,0.705923728503787,0.522686750194661,-0.514781614819578,-0.32168855298494,-0.779498986558857,-0.85467824781912,0,0,0,0,0,2,"medium attention"
12.47765369,54.84932413,-0.683792972704032,-0.888207116583694,1.16408473733061,-0.030779069528135,-0.483737480204889,-0.368001630451757,-0.0770212737345906,-0.640149168018387,0,0,0,0,0,19,"medium attention"
13.97765369,54.64932413,-0.57044484903556,-0.700359198658393,0.833320266271565,0.21455365550719,-0.486231241816509,0.265196838520792,-0.552026860985406,-0.629214399170592,0,1,0,0,0,4,"medium attention"
12.47765369,54.74932413,-0.663108550154968,-0.871983738836662,1.1226790917387,0.0550521289661403,-0.466920574977808,0.896117615158908,0.00091639350349695,-0.608701683081333,0,0,0,0,0,3,"medium attention"
14.37765369,54.64932413,-0.598269812616981,-0.47564222979359,0.340529152679685,0.00083835462520892,-0.403713312711175,-0.368001630451757,-0.697791910902813,-0.719684419894269,0,0,0,0,0,8,"medium attention"
13.17765369,54.64932413,-0.613877879896062,-1.02826205657062,1.1146864999076,0.390124798725379,-0.219270870556536,-0.158453935683863,-0.343767431644458,-0.735162428946513,0,0,0,0,0,2,"medium attention"
12.07765369,54.64932413,-0.638553097329424,-1.11909217508823,1.39385086591072,0.0943221831447587,-0.521271789590047,-0.390778553796094,-0.193683043947274,-0.730710382051722,0,0,0,0,0,19,"medium attention"
12.77765369,54.84932413,-0.613946335081923,-0.812289128869854,1.10461009493586,-0.120256042746995,-0.515676811615258,-0.352057784110722,-0.300666760597262,-0.741708832813501,0,0,0,0,0,19,"medium attention"
12.57765369,54.84932413,-0.664619239341642,-0.943417748456317,1.13076007308709,-0.0646427749655669,-0.507907784416553,1.08744377125133,-0.204131967421035,-0.711481128228184,0,0,1,0,0,3,"medium attention"
13.07765369,54.74932413,-0.637515766274913,-0.475937745756215,1.05399075027733,-0.0689990136934421,-0.478014617019247,0.421598378818568,-0.227758150007852,-0.689376759671816,0,0,0,0,0,3,"medium attention"
14.67765369,54.14932413,-0.661405055810044,-1.06624514521221,0.95733378607599,1.48791144179243,-0.45947126144566,-0.188823166809645,-0.789283722446406,-0.837487214869138,0,0,0,0,0,17,"medium attention"
12.97765369,54.84932413,-0.593650587236836,-0.474516276125272,1.06934207212714,-0.167839860831374,-0.482234828977374,-0.320929322206796,-0.244819227534196,-0.668063148513605,0,0,0,0,0,19,"medium attention"
14.67765369,54.04932413,-0.665636308648202,-1.1695145161172,1.26482335992653,4.9832598513913,-0.52111193304451,-0.375593938233203,-0.832044692182015,-0.834427947174597,0,0,0,0,0,5,"low attention"
12.97765369,55.04932413,-0.602084014882049,-0.829346939675963,1.07399765697649,-0.19556213439414,-0.46196502305728,-0.368001630451757,-0.475933615418697,-0.735909643945007,0,0,0,0,0,2,"medium attention"
12.37765369,54.64932413,-0.656326737627144,-0.905332007270313,1.19103566980638,0.0538945092935082,-0.521591502617178,1.32280531247614,0.105253477871458,-0.593376459261412,0,0,0,0,0,3,"medium attention"
12.87765369,54.44932413,-0.707982684378443,-1.29968645184041,1.30206077382952,1.85032010361278,-0.521591502617178,-0.393815476908672,-0.469088872397049,-0.817452201609177,0,0,0,0,0,17,"medium attention"
12.87765369,54.84932413,-0.624354015671354,-0.736239469729118,1.10228775118006,-0.145923384459194,-0.521591502617178,-0.33004009154453,-0.314655361872661,-0.733452054065641,0,0,0,0,0,19,"medium attention"
12.17765369,54.44932413,-0.681682569876638,-0.872154627811254,1.18273432007239,0.0070172969905241,-0.385681501178127,6.38383767958767,0.251843339622336,-0.579277309155255,0,0,0,0,0,10,"medium attention"
14.27765369,54.84932413,-0.50379412975995,-0.714779270150574,0.924680518919331,-0.00764657960114519,-0.422800177233755,-0.359650091892167,-0.607222031948181,-0.731522197960428,0,1,0,0,0,4,"medium attention"
14.37765369,54.94932413,-0.506463466992652,-0.420466960303117,0.80345187431738,-0.100194238136529,-0.508771009589806,-0.361168553448456,-0.444987014381927,-0.568270332898562,0,0,0,0,0,8,"medium attention"
12.07765369,54.34932413,-0.681682569876638,-0.872724491372957,1.22951053695151,0.00595656155659612,-0.138958951747014,0.473985302510542,0.356136283941247,-0.534001098258244,0,0,0,0,0,3,"medium attention"
12.07765369,54.44932413,-0.665412974024955,-0.95560333095074,1.21084763524137,-0.0236726534883231,-0.504934453903662,-0.349780091776288,0.18243330220436,-0.61429901584433,0,0,0,0,0,19,"medium attention"
12.07765369,54.24932413,-0.283892472953079,-1.07814194076024,1.44870261546935,0.266206519754715,-0.394569516938103,1.50046531456197,0.163874371953365,-0.637329624943808,0,0,0,0,0,3,"medium attention"
12.27765369,54.34932413,-0.670556052630776,-1.13307349369425,1.39378608729188,0.209673617225816,-0.509858034201764,-0.322447783763085,-0.00111430170438888,-0.693098526126861,0,0,0,0,0,19,"medium attention"
12.87765369,54.64932413,-0.707982684378443,-1.00830845568768,1.07594949124884,0.163651337901535,-0.506341191223038,0.187755299150049,-0.308122381661641,-0.74611396587724,0,0,0,0,0,2,"medium attention"
12.37765369,54.54932413,-0.62142191506408,-0.945216743935148,1.2180780188377,0.112705967438858,-0.498060623500637,0.530927610871383,0.0351992992792314,-0.655194693794502,0,0,0,0,0,3,"medium attention"
12.27765369,54.64932413,-0.642665767794172,-0.892871972035932,1.17212334014331,0.0178169806292031,-0.521591502617178,-0.36344624578289,0.170784123528629,-0.578988293469188,0,0,0,0,0,19,"medium attention"
12.37765369,54.44932413,-0.712720296962371,-1.00764596301198,1.29913483864397,0.281500174518769,-0.517946774107887,-0.343706245551132,-0.0184978924831068,-0.693828170215353,0,0,0,0,0,19,"medium attention"
14.17765369,54.74932413,-0.457506040941625,-0.749669394521099,0.694773330356142,0.0365955283889697,-0.507332301607143,-0.358890861114023,-0.710979047774696,-0.805687688869075,0,1,0,0,0,4,"medium attention"
13.87765369,54.64932413,-0.49647587444384,-0.636328438672631,1.03841966544959,0.189237810057976,-0.118145633680797,1.13603454105258,-0.423438702470893,-0.601680752292612,0,1,0,0,0,3,"medium attention"
11.97765369,54.44932413,-0.681682569876638,-0.881108950732373,1.22779117921781,-0.0215679934444396,-0.508962838045511,-0.315614706759784,0.246559560742176,-0.569303655550076,0,0,0,0,0,19,"medium attention"
12.47765369,54.44932413,-0.592068181063868,-1.21547528106851,1.31860051090161,1.04465101490421,-0.521591502617178,-0.37179778434248,-0.244451688902275,-0.76906999647858,0,0,0,0,0,2,"medium attention"
12.47765369,54.54932413,-0.563279835526632,-1.07030123497768,1.24240874699253,0.167377951561068,-0.507364273549282,0.85132299924838,-0.130711129901385,-0.719868368092659,0,0,0,0,0,3,"medium attention"
12.57765369,54.74932413,-0.53731009385021,-0.943217735458368,1.07312889699485,0.044576842174753,-0.380182430717217,-0.336873168547831,-0.160449887189069,-0.690982615469945,0,0,0,0,0,19,"medium attention"
12.67765369,54.94932413,-0.553956044042747,-0.636468941933324,1.20684165280337,-0.211772484308031,-0.247885176893353,1.26282608100272,-0.227589178358765,-0.673800792812339,0,0,0,0,0,3,"medium attention"
13.07765369,54.94932413,-0.516616325592337,-0.0776972522588168,0.926166794706738,-0.190741163652734,-0.326278814342961,-0.348261630219999,-0.218357837269553,-0.54331725177377,0,0,0,0,0,8,"medium attention"
14.07765369,54.64932413,-0.744832504631628,-0.664937306771157,0.607547406568745,0.133465559037815,-0.440927905872072,0.965207615970062,-0.623676556903649,-0.647023303062662,0,1,0,0,0,3,"medium attention"
12.57765369,54.54932413,-0.392586386524923,-1.14320472856282,1.24615077169394,0.217715590833619,-0.514749643516865,-0.374075476676914,-0.21979409628679,-0.739336431811021,0,0,0,0,0,19,"medium attention"
13.07765369,55.04932413,-0.517988884036287,-0.69692869712025,1.01689258013446,-0.201938917804419,-0.483257910664193,-0.351298553332577,-0.451260213330055,-0.708596015071921,0,0,1,0,0,6,"medium attention"
12.47765369,54.64932413,-0.48935350662009,-0.905657278101566,1.18746921332425,0.0737051007894577,-0.502025065676485,4.57990535071623,0.0108931828709403,-0.616767885387951,0,0,0,0,0,9,"medium attention"
12.67765369,54.74932413,-0.521278905549639,-0.897375085770013,1.05898657422751,0.0225984199065866,-0.504326998832401,4.06818380624681,-0.23223931355485,-0.722010223624097,0,0,0,0,0,9,"medium attention"
12.97765369,54.94932413,-0.518910847407912,-0.216643096164956,0.980448855664176,-0.19831503695805,0.20693857230582,-0.347502399441855,-0.303765290859967,-0.63074425629575,0,0,1,0,0,6,"medium attention"
13.17765369,55.24932413,-0.555835034018996,-0.202283726006655,0.820467461804496,-0.165174135709812,-0.509794091596338,1.37443300538997,-0.434019919616019,-0.501249286241417,0,0,0,0,0,3,"medium attention"
13.07765369,55.24932413,-0.555835034018996,-0.284887622187048,0.826204910129245,-0.170882283141475,-0.518490286158095,0.898395307493342,-0.512896416607977,-0.577301833238401,0,0,0,0,0,3,"medium attention"
12.97765369,55.24932413,-0.555835034018996,-0.607433377102712,0.965720498289005,-0.152261218200816,-0.520440535687536,-0.243487782836052,-0.600288136145514,-0.700088434191309,0,0,0,0,0,2,"medium attention"
14.47765369,54.64932413,-0.402700300932356,-0.475602451494541,0.0756921825633453,-0.0327587966725519,-0.18819475792516,-0.374075476676914,-0.688093595919321,-0.680372719039826,0,0,0,0,0,8,"medium attention"
12.77765369,54.74932413,-0.54413966236678,-0.872748288258468,1.05556359935908,7.79787037488098e-05,-0.372221573144529,0.785269921549805,-0.258154454903022,-0.729678031178191,0,0,0,0,0,3,"medium attention"
14.77765369,54.04932413,-0.591918824702595,-1.16845893674359,1.22170985934632,4.32213546335535,-0.520216736568544,-0.387741630683515,-0.825125037552767,-0.824393183012298,0,0,0,0,0,5,"low attention"
12.57765369,54.64932413,-0.655236340624033,-0.897627634160273,1.14875823719456,0.115397689627,-0.461485456713714,2.88909840778834,-0.0755015406990926,-0.643974820499772,0,0,1,0,0,9,"medium attention"
12.77765369,54.64932413,-0.521788769375379,-1.08731744504285,1.10063680451112,0.176327587180145,-0.466536922542381,0.26823376163337,-0.276407819656866,-0.741068278223419,0,0,0,0,0,2,"medium attention"
14.27765369,55.24932413,0.160134939522491,-0.0305974330857219,0.287610530296919,-0.225648211904756,-0.275156694910482,-0.369520092008046,-0.38115759451208,-0.464762773948746,0,0,0,0,0,8,"medium attention"
14.77765369,54.14932413,-0.574630721570432,-1.01172847818493,0.850782644606382,1.40025548806654,-0.521047990471056,-0.132640089226949,-0.785523976778443,-0.830813959616783,0,0,0,0,0,17,"medium attention"
12.67765369,54.54932413,-0.368302214994341,-1.01366212408222,1.28181230947693,0.290403388991867,-0.506788789141308,0.278103761749249,-0.212231476708094,-0.710370128308874,0,0,0,0,0,19,"medium attention"
14.77765369,54.24932413,-0.554367964122307,-0.943711757399683,0.590094956919432,0.557565902889964,-0.434245903605038,-0.329280860766386,-0.779409011685234,-0.856766023650475,0,0,0,0,0,2,"medium attention"
12.77765369,54.54932413,-0.416203795796235,-1.09107206086258,1.25056661511282,0.400961717267429,-0.521591502617178,-0.115177781329624,-0.299881472446678,-0.742737956550252,0,0,0,0,0,2,"medium attention"
14.97765369,54.44932413,-0.225548352471696,-0.596229004333812,0.108305069029569,-0.0232389097331893,-0.0420859045263755,-0.339910091660409,-0.744137545876871,-0.745986633921341,0,0,0,0,0,8,"medium attention"
14.77765369,54.34932413,-0.542849478965426,-1.11835103703538,0.742780340993223,0.347256891387781,-0.40054814734832,-0.189582397587789,-0.78668817373404,-0.881947252150833,0,0,0,0,0,2,"medium attention"
13.87765369,55.34932413,-0.084360714989605,-0.697130918076648,0.555536350798159,-0.116638132958321,-0.191711601223599,0.846767614579513,-0.679242618106653,-0.769779723735059,0,0,0,0,0,3,"medium attention"
13.77765369,55.34932413,0.257301506787719,-0.696987260589598,0.598151419257893,-0.111972409716987,-0.459950827789226,0.802732229447129,-0.644184656071362,-0.72703550965701,0,0,0,0,0,3,"medium attention"
12.67765369,54.64932413,-0.141124948556539,-0.87304254253055,1.12506500329803,0.170777994295893,-0.50870706698438,-0.361927784226601,-0.144438179252898,-0.67718899477689,0,0,1,0,0,6,"medium attention"
13.47765369,55.24932413,-0.166296625924587,-0.17141096451134,0.697534594660161,-0.141059513964809,-0.45138252505638,-0.353576245667011,-0.392845854205452,-0.497922142344028,0,0,0,0,0,8,"medium attention"
14.87765369,54.14932413,-0.472392503296231,-0.94342254988977,0.827979359959342,1.52148997563851,-0.458384237153415,-0.372557015120625,-0.784628034963349,-0.819338202731593,0,0,0,0,0,17,"medium attention"
13.87765369,55.24932413,0.843191619322121,-0.11190557307895,0.574581204196399,-0.197769374147144,-0.298239978666457,-0.345983937885566,-0.28701066416127,-0.302345359553293,0,0,0,0,0,16,"medium attention"
13.67765369,55.24932413,0.154594769242108,-0.110085444283532,0.660120825507933,-0.173462606827593,-0.363493407503858,-0.358131630335878,-0.30379286258115,-0.368825100510378,0,0,0,0,0,8,"medium attention"
14.27765369,55.34932413,-0.100583012491667,-0.435171718247432,0.196913925518056,-0.16918855435025,-0.494256038158067,-0.362687015004745,-0.700070359526414,-0.795501635288086,0,0,0,0,0,8,"medium attention"
14.17765369,55.24932413,-0.0227818934891628,-0.334388333321673,0.25346015055587,-0.194839758896267,-0.224258387385516,-0.311059322090916,-0.588786845605469,-0.694586458094651,0,0,0,0,0,8,"medium attention"
13.77765369,55.24932413,0.210897348124516,-0.0826040719195426,0.676446914219376,-0.186125627916848,-0.383155765066663,-0.276893937074412,-0.193178279088363,-0.193707001841768,0,0,0,0,0,8,"medium attention"
14.97765369,54.14932413,-0.376192586517238,-0.943423566251596,0.860659870460373,1.77047126189201,-0.392651232381058,-0.374075476676914,-0.787098688837786,-0.807603080669629,0,0,0,0,0,17,"medium attention"
14.87765369,54.24932413,-0.432926983807851,-0.943423355969839,0.515967451483809,0.5849435698717,-0.497037542772957,-0.311059322090916,-0.778921359000067,-0.850793286581429,0,0,0,0,0,2,"medium attention"
13.57765369,55.24932413,-0.0947774115184757,-0.263951760169797,0.646778609494412,-0.158363700406825,-0.445979371700739,-0.368760861229902,-0.414686578131972,-0.516658341200597,0,0,0,0,0,8,"medium attention"
13.97765369,55.34932413,0.21594358221539,-0.87697554737421,0.584257253087394,-0.104349665600997,-0.354093850900472,-0.390019323017949,-0.725539534608235,-0.835499336468242,0,1,0,0,0,4,"medium attention"
14.97765369,54.24932413,-0.323159457820824,-0.951654414787461,0.503040908364639,0.636703943778546,-0.382484370906819,-0.308781629756483,-0.777366364515642,-0.837698463221799,0,0,0,0,0,2,"medium attention"
14.87765369,54.34932413,-0.370330879884588,-1.00734441897232,0.523352516735413,0.265216120318354,0.0830178029899141,-0.357372399557734,-0.785998969237507,-0.871130134916834,0,0,0,0,0,2,"medium attention"
11.97765369,54.24932413,0.194486476382786,-0.943435937828305,1.33802925329243,0.141333882039522,-0.370303298178874,0.0116137586205146,0.382663694565788,-0.509236445597342,0,0,0,0,0,19,"medium attention"
14.97765369,54.34932413,-0.222119536190223,-0.943450832786098,0.335191455028021,0.211058259574096,0.644082226273091,-0.343706245551132,-0.780423511901416,-0.851437480117019,0,0,0,0,0,14,"medium attention"
14.87765369,54.44932413,-0.276308652344417,-0.703999035685716,0.331168400094222,0.0288947318316215,-0.133140174653233,-0.276893937074412,-0.760223722755394,-0.780180575696771,0,0,0,0,0,8,"medium attention"
13.97765369,55.24932413,0.458833506662418,-0.188093913038484,0.414775015311413,-0.20673306471741,0.505038966831292,-0.326243937653807,-0.456908368947505,-0.523774053372349,0,0,0,0,0,8,"medium attention"
12.67765369,55.34932413,-0.21507667194789,-1.07159958463985,1.38584858755717,-0.102852430539153,-0.521591502617178,2.50872378793792,-0.569754857974924,-0.823179155127873,0,0,0,0,0,9,"medium attention"
13.27765369,55.24932413,1.06976448804815,-0.172138784719575,0.804087552352728,-0.142694603907388,-0.44681062876841,-0.298911629640604,-0.401417877026185,-0.470782420537839,0,0,0,0,0,16,"medium attention"
13.07765369,55.14932413,1.07450562938867,-0.276223593231585,0.989084390422456,-0.199334066850539,-0.517946774107887,-0.142510089342828,-0.268243301816192,-0.531763503461273,0,1,0,0,0,16,"medium attention"
13.37765369,55.24932413,1.74981497232542,-0.134405791181083,0.771037743183542,-0.13422311221605,-0.462988104744099,-0.144028550899117,-0.354279719486627,-0.413386681885121,0,0,0,0,0,16,"medium attention"
12.97765369,55.34932413,-0.235100559719119,-1.11694407684567,1.16199487011345,-0.0555145587901941,-0.521591502617178,-0.379390092123925,-0.669050276058418,-0.790533175448983,1,0,0,0,0,7,"low attention"
12.87765369,55.34932413,-0.181055913955534,-1.33680447287561,1.38544659687577,-0.0262643681152745,-0.521591502617178,-0.396093169243105,-0.68671385893051,-0.843437425530398,0,0,0,0,0,2,"medium attention"
14.97765369,54.84932413,-0.300344061117007,0.310659472951141,-0.116616042646653,-0.251021318266225,1.05679974102496,-0.265505475402244,-0.371018663187954,0.0130649964204618,0,0,0,0,0,20,"medium attention"
14.67765369,54.74932413,-0.578158576342659,0.0164536007197292,-0.245606134437898,-0.149995982636147,1.28683329601689,-0.345224707107421,-0.542775195237506,-0.243857439502385,0,0,1,0,0,20,"medium attention"
14.57765369,54.64932413,-0.735150599315368,-0.0751982638576055,-0.267260658063916,-0.090039153141643,0.810173079924946,-0.345983937885566,-0.582005770494113,-0.36755637146079,0,0,0,0,0,20,"medium attention"
14.87765369,54.84932413,-0.558532076365426,0.124048958025414,-0.143572484332059,-0.214339304217515,1.71444946980436,-0.274616244739978,-0.48930880913566,-0.213365849230706,0,0,1,0,0,20,"medium attention"
14.77765369,54.74932413,-0.510755942523825,0.167989363892209,-0.345317682950995,-0.20784576366369,1.30131620023201,-0.351298553332577,-0.418476930939965,0.0798414669284121,0,0,1,0,0,20,"medium attention"
12.37765369,54.84932413,-0.700355594439128,-0.791324423204923,1.20274909707104,-0.0411401100822894,-0.37119849145771,-0.361168553448456,0.0544090739210948,-0.559694920305929,0,0,0,0,0,19,"medium attention"
12.27765369,54.74932413,-0.619429838870584,-0.791659682419637,1.18982364368565,-0.0182215983664449,-0.366978279499584,-0.387741630683515,0.113932499206507,-0.5740037108096,0,0,0,0,0,19,"medium attention"
14.17765369,55.14932413,-0.409548825579372,0.0844742117174837,0.735025674369639,-0.188478316511143,-0.233466112975493,3.03259302485765,0.0712691814246857,-0.0217862998681334,0,0,0,0,0,9,"medium attention"
13.97765369,55.14932413,-0.556290497115353,0.0163406443692145,0.755492690884864,-0.158014194496405,-0.128088708824566,2.49505763393132,0.0640104831579324,-0.0129734022215692,0,0,1,0,0,9,"medium attention"
14.87765369,54.74932413,-0.530370759243383,0.402308954335229,-0.24362402978292,-0.258633161374321,1.59500474681089,-0.33839163010412,-0.318968186149499,0.348983691307376,0,0,0,0,0,20,"medium attention"
14.87765369,54.54932413,-0.25441014908858,-0.174343378660866,-0.157337335427939,-0.133260240886705,-0.0872293839572471,-0.335354706991542,-0.571027609096996,-0.277089120485558,0,0,0,0,0,8,"medium attention"
14.97765369,54.74932413,-0.401336985004078,0.484603596144867,-0.179267864402829,-0.281646750701157,0.846844164136851,-0.287523167968436,-0.266451519366633,0.438423012465364,0,0,0,0,0,20,"medium attention"
14.37765369,55.24932413,-0.32763884752817,-0.00539232569523032,0.578193187334007,-0.253311081098657,0.102072731378214,4.11145996060105,-0.104281738010408,-0.186970247228681,0,0,0,0,0,9,"medium attention"
14.07765369,55.14932413,-0.289875633420319,0.0164479932062069,0.731380514892662,-0.166208261660986,-0.217704260737944,2.53833378828556,0.0367576074292291,-0.0376124838182308,0,0,1,0,0,9,"medium attention"
14.37765369,55.34932413,0.260654520980702,0.0154551829370845,0.0881170243607131,-0.246832177291387,-0.492657473022413,-0.38014932290207,-0.493022517617795,-0.54888700816297,0,0,0,0,0,8,"medium attention"
14.47765369,55.34932413,0.199738805113183,0.460796406828525,0.382831346464497,-0.268863328592122,-0.293763993089496,4.33695150170998,-0.21774860341203,-0.241553699491355,0,0,0,0,0,9,"medium attention"
14.87765369,54.64932413,-0.443050836162961,0.284403412385693,-0.344996635272763,-0.234591049704302,0.486879266890262,-0.200970859259958,-0.342800524266264,0.503886100424432,0,0,0,0,0,20,"medium attention"
13.17765369,55.04932413,0.592467070079007,-0.332645903635498,0.991839600649947,-0.200686863557779,-0.464618641182466,0.161941452693134,-0.254315914820851,-0.589059978858064,0,0,0,0,0,16,"medium attention"
14.97765369,54.54932413,-0.401336985004078,-0.0798412850540669,-0.255061572780245,-0.145894447794979,-0.373724227569174,-0.267783167736677,-0.523695678006865,-0.154828723952805,0,0,0,0,0,8,"medium attention"
14.07765369,54.04932413,-0.74001389216581,-1.13956303404664,1.44736103211095,3.36474893326272,-0.521591502617178,-0.366483168895468,-0.87603963556394,-0.812929112917873,0,0,0,0,0,5,"low attention"
12.17765369,55.14932413,-0.721116859981359,-1.3584053895013,1.52182435717153,0.00571367730204466,-0.521591502617178,-0.392297015352383,-0.48533114568972,-0.819849859767817,0,0,0,0,0,19,"medium attention"
12.77765369,55.04932413,-0.647114410433603,-0.517243251112802,1.20486923467084,-0.221798471973469,-0.510977030436148,0.947745308072737,-0.228128344631262,-0.6566474737684,0,0,1,0,0,3,"medium attention"
12.57765369,55.14932413,-0.715139341486672,-0.706525150433591,1.32395291995923,-0.177564356014422,-0.518234515832304,-0.336113937769686,-0.236549481840198,-0.72491933986913,0,0,0,0,0,19,"medium attention"
14.57765369,55.14932413,-0.624953632848926,-0.104305079156911,0.824083561714142,-0.217116397220293,1.67528462398083,-0.38850086146166,-0.205868606428227,-0.369692021298792,0,0,0,0,0,1,"medium attention"
13.47765369,54.14932413,-0.6874591758219,-1.30511416044161,1.44818196488802,4.44292261153313,-0.521591502617178,-0.361927784226601,-0.879093595759926,-0.874909960241381,0,0,0,0,0,5,"low attention"
14.57765369,54.84932413,-0.631238844112333,-0.947604037676387,1.09886780334989,-0.0955572372137498,-0.0760074567049553,-0.368760861229902,-0.769796826711494,-0.856078236413609,0,0,0,0,0,2,"medium attention"
13.47765369,54.74932413,-0.555811613663748,-0.0975893807747704,1.03535569731921,0.0695508981573377,0.310461650490779,0.521816841533648,-0.0873175409355615,-0.553228019614958,0,0,0,0,0,3,"medium attention"
13.57765369,54.14932413,-0.680467553701652,-1.25817992062874,1.44638027171355,4.01377993911353,-0.521591502617178,-0.15465778179314,-0.860911474815909,-0.862445781028717,0,0,0,0,0,5,"low attention"
13.87765369,54.94932413,-0.666690628433584,0.110462618653121,0.902049170045662,-0.0863616552592529,-0.332641109977124,3.49420533796954,0.258989600916007,-0.0139406383581173,0,1,0,0,0,9,"medium attention"
12.77765369,55.14932413,-0.706685856236452,-0.41103182814442,1.21407324721501,-0.198230860354954,-0.444061093537954,-0.301948552753182,-0.250474339319834,-0.649403996877195,0,0,1,0,0,6,"medium attention"
14.47765369,55.14932413,-0.72307505741959,0.0801093932856471,0.879840395713585,-0.229215811704748,0.24210700529021,-0.329280860766386,-0.00354187792637221,-0.183965002961946,0,0,1,0,0,6,"medium attention"
14.47765369,55.04932413,-0.60254445816889,-0.174423601151194,0.85290096598322,-0.191274118828032,-0.441695217137186,-0.364205476561035,-0.306906316986515,-0.461757480723531,0,0,0,0,0,8,"medium attention"
13.67765369,54.44932413,-0.657225419729922,-0.887335323465774,1.3373191101158,1.42761432325093,-0.420114587805856,0.123979913785907,-0.602464417629795,-0.609961154175053,0,0,0,0,0,17,"medium attention"
11.97765369,54.34932413,-0.742507522894256,-0.901770219821829,1.19885814208706,-0.0310472159498581,-0.430569206990164,2.59147994275567,0.402616893873318,-0.495592616990061,0,0,0,0,0,9,"medium attention"
13.37765369,54.74932413,-0.618364414606422,-0.115702315344018,1.04379992325923,0.0625504913572204,-0.149381596431478,0.890043768933752,-0.0718652353975275,-0.552519647116716,0,0,0,0,0,3,"medium attention"
13.17765369,54.74932413,-0.55290338432086,-0.369954268212514,1.05501812706398,-0.0475198943318208,0.325743933187632,1.5930914694956,-0.170570858951691,-0.644050688112621,0,0,0,0,0,3,"medium attention"
14.37765369,55.04932413,-0.592766767188993,-0.0645859393757809,0.889985211750075,-0.166778145531568,-0.465641722869285,-0.323966245319374,-0.0654027021988884,-0.235885144312817,0,0,1,0,0,6,"medium attention"
14.67765369,54.64932413,-0.406293755132568,0.123228088139669,-0.34663577649248,-0.149260440190537,1.11620248540847,-0.22147009026986,-0.465286377913672,0.0399584087932759,0,0,0,0,0,20,"medium attention"
14.07765369,54.94932413,-0.473950988851574,0.0708108741751373,0.883007888552574,-0.0721033206579113,-0.47846221525723,-0.142510089342828,0.149211907694183,-0.0734560057580958,0,1,0,0,0,13,"medium attention"
14.27765369,55.14932413,-0.622018954656576,0.113267111400419,0.804706884381452,-0.213695103644236,-0.224066565963498,2.28702840071971,0.154816176214153,0.0586112832056377,0,0,0,0,0,9,"medium attention"
13.97765369,54.94932413,-0.498590728036062,0.094546953210625,0.883756172411325,-0.0827184833034074,-0.332257444753177,1.35393377438007,0.215115151014684,-0.0346713461981474,0,1,0,0,0,3,"medium attention"
14.37765369,55.14932413,-0.467030565508611,0.0156026605427208,0.8581655909312,-0.221682909041462,-0.157438364715175,5.90476305857846,0.0631160464046832,-0.099312646785211,0,0,0,0,0,10,"medium attention"
12.17765369,54.54932413,-0.650258682858789,-0.943095141193987,1.18431564486128,0.0124002514338695,-0.5202487079352,0.706309920622772,0.157900667664696,-0.606491892828632,0,0,0,0,0,3,"medium attention"
14.17765369,55.04932413,-0.535660955368088,0.151561627324249,0.846249957510529,-0.115148583719459,-0.293508241850573,1.5999245464989,0.200460275302617,-0.0107991309290631,0,1,0,0,0,3,"medium attention"
14.27765369,54.94932413,-0.528506844438328,-0.197486673423128,0.860951071541328,-0.0732409143216583,-0.516380180274946,-0.342947014772987,-0.165518657234313,-0.325284378138199,0,1,1,0,0,6,"medium attention"
14.07765369,55.04932413,-0.474697344425421,0.126877247658222,0.809416350511896,-0.107502873996949,-0.293476264153599,2.51100148027235,0.238817472024218,0.03543832258857,0,1,0,0,0,9,"medium attention"
14.17765369,54.94932413,-0.497349808140574,-0.0079275526525796,0.893606760328597,-0.0582078732603884,-0.489108659060687,-0.302707783531326,0.00964537277371784,-0.184686052780231,0,1,1,0,0,6,"medium attention"
14.17765369,54.84932413,-0.388438112184874,-0.379516305411612,0.822685675444031,-0.0014439979715191,-0.511168857932713,-0.390778553796094,-0.425723234579764,-0.59163531368675,0,1,1,0,0,6,"medium attention"
14.27765369,55.04932413,-0.512907766178737,0.112041834648837,0.876191603790692,-0.137459149899516,-0.414487638528354,-0.317892399094217,0.127014901480629,-0.0503154306459925,0,1,0,0,0,13,"medium attention"
12.27765369,54.54932413,-0.653777956897413,-0.728239931126048,1.15007499883921,0.0545770471192712,-0.443901240221519,1.3083799276914,0.206653415078685,-0.589321195963816,0,0,0,0,0,3,"medium attention"
13.97765369,54.84932413,-0.450685176541755,-0.0632785475980576,0.973866863663895,-0.0723375392236027,-0.35821815214759,-0.325484706875663,0.0210443823462357,-0.24543571201251,0,1,0,0,0,13,"medium attention"
12.17765369,54.34932413,-0.661465311628239,-0.947918338809312,1.29854396077492,0.079849747849037,-0.33612598197285,-0.333077014657108,0.243799859108141,-0.589423958348897,0,0,0,0,0,19,"medium attention"
13.87765369,54.74932413,-0.479541813501832,-0.134728643772129,1.0325187570586,-0.00545654874262602,-0.227583406064807,-0.210840859375837,-0.124518116601102,-0.430390203806289,0,1,0,0,0,13,"medium attention"
13.77765369,54.54932413,-0.52678733272401,-0.791874905798015,1.20204864041685,0.741890463585126,0.499635880615387,1.36076685138337,-0.493562189793433,-0.597773094676005,0,0,0,0,0,3,"medium attention"
13.27765369,54.74932413,-0.527385785613806,-0.177233561224176,1.05139839470842,-0.00106393249402386,-0.393866145081285,1.00696530876801,-0.0982265833160421,-0.585212020035359,0,0,0,0,0,3,"medium attention"
14.07765369,54.84932413,-0.433578626029344,-0.173583735813392,0.910454044488259,-0.0330342920883612,-0.521591502617178,-0.330799322322675,-0.145724817416191,-0.365029005571146,0,1,1,0,0,6,"medium attention"
13.97765369,54.74932413,-0.46006173112482,-0.262879673678253,0.970845879476862,0.0225693301383285,-0.50870706698438,1.0578337709037,-0.260805134410177,-0.490459206929247,0,1,0,0,0,3,"medium attention"
13.07765369,54.84932413,-0.548268980576385,-0.0597396808610959,1.02165350591539,-0.175262620445792,-0.430345401476912,1.40707992885019,-0.0967884271620267,-0.556879922926928,0,1,0,0,0,3,"medium attention"
13.57765369,54.74932413,-0.458179533188034,-0.0593591760216486,1.01503095160237,0.00724575884418117,0.472556187217407,0.755659921202168,-0.0599918151545574,-0.520838453365545,0,1,0,0,0,13,"medium attention"
13.87765369,54.84932413,-0.430468541938831,-0.00456703989258642,0.997303404715669,-0.071561179240005,-0.195036616705759,0.0397052974118627,0.0964372303094183,-0.216930453846504,0,1,1,0,0,6,"medium attention"
13.57765369,54.84932413,-0.482496659222311,0.0621476512997441,0.977031329464618,-0.126222691045643,0.918236147037768,0.389710686136497,0.227750208436397,-0.198933212802009,0,1,0,0,0,13,"medium attention"
14.07765369,54.74932413,-0.234413674798301,-0.518675725489032,0.748925228668246,0.0521106328414907,-0.506820761083447,-0.207044705485114,-0.506100619715219,-0.64657803123991,0,1,0,0,0,4,"medium attention"
13.87765369,55.04932413,-0.289061237676485,0.0844076224944065,0.809619767483207,-0.108413046914534,-0.370047521362909,0.874099922592716,0.281169659374338,0.114757935316867,0,1,0,0,0,13,"medium attention"
13.27765369,54.84932413,-0.490987973730246,0.0151660104741315,1.00995945169561,-0.165222057275417,-0.370143444862439,-0.181990089806344,0.144498914032832,-0.334529195139975,0,1,0,0,0,13,"medium attention"
13.47765369,55.04932413,-0.487187953791411,0.0163913222726723,0.901554551993396,-0.169024304332421,-0.414839326055328,-0.327003168431952,0.218818741434,-0.0966501559968384,0,1,1,0,0,6,"medium attention"
13.47765369,54.94932413,-0.482885697345595,0.114384934174129,0.894519109661233,-0.161948019168363,-0.440288479817811,0.480059148735698,0.335840082304133,-0.0132078951676515,0,0,0,0,0,13,"medium attention"
13.57765369,54.94932413,-0.470619151684792,0.122219892255319,0.902758102406987,-0.128289748736452,-0.333312504136969,5.17817920389413,0.337776426576227,-0.0390231242530163,0,0,0,0,0,10,"medium attention"
13.77765369,54.84932413,-0.439119200108955,0.0154986411668821,1.02024290608457,-0.0909422220316116,-0.353102734122106,-0.322447783763085,0.155118579816672,-0.183839989232519,0,0,1,0,0,6,"medium attention"
13.77765369,54.64932413,-0.43734461466654,-0.53050593181398,1.0828505330821,0.193828389834777,0.976391946672865,0.143719914017665,-0.319816206289563,-0.580769881324117,0,0,0,0,0,14,"medium attention"
13.37765369,54.94932413,-0.450729998256109,0.0917645050008615,0.91373414315065,-0.190326037349285,-0.49812456578635,-0.0901231656508543,0.305532310458634,-0.023468740688488,0,0,0,0,0,13,"medium attention"
13.77765369,54.94932413,-0.444045438529119,0.11953746806801,0.926804288965044,-0.0876367363540305,-0.35511692939016,-0.230580859607595,0.294952484547145,0.00312381192579741,0,1,0,0,0,13,"medium attention"
13.47765369,54.84932413,-0.375591172433101,0.0618330697911434,0.964308082235229,-0.133695546303082,0.196132303960101,0.778436844546504,0.231739381178794,-0.208554583887339,0,1,0,0,0,13,"medium attention"
13.17765369,54.84932413,-0.417045672320892,0.004880954500252,1.02104930907798,-0.173619814059422,-0.399525068858631,1.63181223918097,0.0341670039200658,-0.45960186143157,0,1,0,0,0,3,"medium attention"
13.67765369,54.94932413,-0.512754816004331,0.122911368766538,0.922557354281272,-0.101594405234817,-0.233594001383476,0.949263769629026,0.322147940269347,-0.0329799550241681,0,0,0,0,0,3,"medium attention"
13.67765369,54.74932413,-0.402353908494251,-0.0616704879546607,1.01812458470773,-0.00974542169137706,0.564313762061346,-0.00433008772052081,-0.0288579034798409,-0.452437988107921,0,1,0,0,0,13,"medium attention"
13.37765369,54.84932413,-0.462563244911537,0.055240631565615,0.977995743855388,-0.150302864380867,-0.206961899829218,3.17760610348326,0.218468529984658,-0.220524893196967,0,1,0,0,0,9,"medium attention"
13.77765369,55.04932413,-0.456839682481584,0.0806326443911963,0.82991000496384,-0.116625792772418,-0.335518517629911,-0.327003168431952,0.302760720100786,0.115032542483283,0,1,0,0,0,13,"medium attention"
13.87765369,55.14932413,-0.483737265051733,0.0162581438265178,0.777125722539212,-0.164450780346062,-0.309909510550993,2.54137071139813,0.113834101045587,0.0253461784994572,0,0,1,0,0,9,"medium attention"
13.77765369,55.14932413,-0.117306738902254,0.0162418469903435,0.781034234345118,-0.173742572881472,-0.29619381848995,1.85274839562103,0.142186557251206,0.00919567976717227,0,0,1,0,0,3,"medium attention"
13.67765369,54.84932413,-0.401016076783944,0.0156417028556199,1.00163751810143,-0.117910672525977,-0.314737183654929,-0.0840493194256979,0.199432659547505,-0.194189730870187,0,0,1,0,0,6,"medium attention"
14.77765369,54.64932413,-0.552140854344586,0.194720696275632,-0.370200785048161,-0.197680849389213,0.988093443465852,-0.260950090733377,-0.399635453784734,0.267149472763378,0,0,0,0,0,20,"medium attention"
13.57765369,55.04932413,-0.593521752849683,0.0522125041696559,0.857922822462463,-0.153504668000214,-0.380725939666209,-0.125047781445503,0.277305065280407,7.54670628084789e-05,0,1,0,0,0,13,"medium attention"
13.27765369,55.04932413,-0.299818920220458,-0.0221835693272733,0.963384230157191,-0.179406381382148,-0.451702231689251,-0.192619320700368,0.0386513293616954,-0.329983937935267,0,1,0,0,0,13,"medium attention"
13.67765369,55.04932413,-0.349332557275332,0.0690195189334801,0.834499600379047,-0.136323209759439,-0.380725939666209,-0.274616244739978,0.306958451413051,0.0748751285009738,0,1,0,0,0,13,"medium attention"
13.97765369,55.04932413,-0.36518454845165,0.10355279516223,0.793310690726806,-0.105669299972423,-0.357770541121086,-0.0597539345250725,0.259431127882296,0.0856608536334111,0,1,0,0,0,13,"medium attention"
13.77765369,54.74932413,-0.207088491278555,-0.0947502616314722,1.0382095889941,-0.00951487762272884,0.213748459783706,-0.201730090038102,-0.0554958539406852,-0.414826467031189,0,0,0,0,0,8,"medium attention"
13.57765369,55.14932413,-0.362029754813235,0.0109582725148383,0.85627005957056,-0.163453950539876,-0.22336319410668,0.666070689381111,0.0853593427556364,-0.151907222110078,0,0,1,0,0,6,"medium attention"
13.67765369,55.14932413,-0.300144337531977,0.0161918349791165,0.805998824312338,-0.173220181885172,-0.222499956144906,1.17475531073796,0.12465928998045,-0.0824513771162283,0,0,1,0,0,3,"medium attention"
13.27765369,54.94932413,0.0708427264107661,0.0917919117232018,0.939114648175284,-0.19458085995877,-0.45905563770752,-0.244247013614197,0.22369375057625,-0.107432594583276,0,0,0,0,0,13,"medium attention"
13.37765369,55.04932413,0.290005542796097,-0.00094420064062846,0.933179231548098,-0.17779796216394,-0.436451926689371,0.162700683471279,0.128369963043739,-0.206185656481112,0,1,0,0,0,13,"medium attention"
13.47765369,55.14932413,0.354856685943712,-0.012338492883137,0.896481841271325,-0.155356798234808,-0.309525845327045,-0.103030088879312,0.0562079390146277,-0.153475729302026,0,0,1,0,0,6,"medium attention"
14.97765369,54.64932413,0.514744983558819,0.346844442287884,-0.331908448310318,-0.249450440159475,0.726632129878269,1.12388684860227,-0.314215605567366,0.479625693166395,0,0,0,0,0,20,"medium attention"
13.17765369,55.14932413,0.96498462283059,-0.223558246793692,0.973045325479165,-0.192813090052125,-0.497293312874949,0.0860183748786799,-0.177852449335574,-0.447826732771945,1,0,0,0,0,16,"medium attention"
13.37765369,55.14932413,1.16959725188542,-0.0714791856548208,0.921855081404126,-0.165727851793405,-0.42254440681205,-0.144028550899117,-0.0193645045636023,-0.171044507213584,0,0,0,0,0,16,"medium attention"
13.27765369,55.14932413,3.38015547870006,-0.185002105317087,0.935609337866083,-0.172245337819628,-0.496174317599704,0.795139921665684,-0.119326538568385,-0.338679413589348,1,0,0,0,0,16,"medium attention"
10.77765369,54.44932413,-0.766838593461889,-1.06557311976352,1.44005799959628,-0.229172207673169,-0.509314522695067,-0.376353169011347,0.585573855864976,-0.523094641574507,0,1,0,0,1,15,"medium attention"
10.97765369,54.44932413,-0.766838593461889,-1.3149166022595,1.44609936256269,0.0713385103480158,0.160164588407883,-0.373316245898769,0.207071038121563,-0.747773241423166,0,0,0,0,1,18,"medium attention"
10.87765369,54.44932413,-0.724215729669968,-1.16847348123179,1.44302328627927,-0.169659839216841,-0.333280523242865,-0.377871630567636,0.400603525848011,-0.662555306461486,0,1,0,0,1,15,"medium attention"
10.07765369,54.74932413,-0.624572565273745,-0.700661618872043,0.90000834084837,-0.169834316584772,0.695364195824875,-0.361927784226601,0.771730275795964,-0.222097509490471,0,0,0,0,1,11,"medium attention"
10.87765369,55.24932413,-0.717206737452911,-0.884380689543917,0.837069555864808,-0.192366332453296,-0.366306885339739,-0.185786243697067,1.4616728850116,-0.370620417304985,0,0,0,0,1,12,"medium attention"
11.87765369,54.44932413,-0.679448476615595,-0.871836015902309,1.22340560618157,-0.0220649079279066,-0.492753385971413,-0.289041629524725,0.320173147358539,-0.529267069554437,0,0,0,0,1,18,"medium attention"
10.07765369,54.54932413,-0.605908013765065,-0.747403152978023,1.17903164686841,-0.04866165242555,-0.293060621232678,-0.301189321975037,0.762313521205583,-0.107345907775933,0,1,0,0,1,15,"medium attention"
11.77765369,54.44932413,-0.684442223536762,-0.808075047410888,1.16724920313133,-0.0387649151936048,-0.503975314182844,-0.0392547035151698,0.420937543744913,-0.483271645285783,0,1,0,0,1,15,"medium attention"
10.07765369,54.64932413,-0.589840256957703,-0.942569471848231,1.19808140406863,-0.0997875019346627,0.492825993137501,-0.350539322554433,0.671962888024672,-0.40206846222891,0,1,0,0,1,15,"medium attention"
10.97765369,54.94932413,-0.710971998849726,-0.875207253031914,0.895199587862882,-0.137366920023733,-0.2582119204582,6.93048383985174,1.01156478964572,-0.508159160839683,0,0,0,0,1,10,"medium attention"
11.07765369,55.04932413,-0.710971998849726,-0.873127566454332,0.927941849944489,-0.157804135748773,-0.426508848348472,-0.392297015352383,1.08089388256114,-0.455713935214041,0,0,0,0,1,11,"medium attention"
10.37765369,56.14932413,-0.572100201539141,-1.06538057176795,1.1974699423394,-0.15134005241291,-0.505573879318498,-0.396093169243105,1.41051608587168,-0.458093943755715,0,0,0,0,1,12,"medium attention"
10.27765369,56.14932413,-0.572100201539141,-1.06581168441694,1.25093349215037,0.116953869745578,-0.512607566874515,-0.393056246130527,1.37768018955493,-0.453713285601885,0,0,0,0,1,12,"medium attention"
11.27765369,54.04932413,-0.653640429610203,-1.12443010739794,1.52690433278543,0.117817897104463,-0.40563158767683,-0.270060860071111,0.323607091403713,-0.179953894364234,0,0,0,0,1,18,"medium attention"
11.17765369,54.24932413,-0.553615753459648,-1.0674625363979,1.34230222050527,-0.0106346499758165,0.772574891876967,-0.383945476792793,0.375819457447281,-0.461483305425372,0,1,0,0,1,15,"medium attention"
11.07765369,54.94932413,-0.653800827637044,-1.16847660041118,1.13393664704087,-0.0917686776582308,-0.521591502617178,-0.393815476908672,0.703852998419366,-0.577067815715164,0,0,0,0,1,18,"medium attention"
10.07765369,55.64932413,-0.603758747505265,-0.902415749769124,1.08583882525588,-0.0185636327995437,-0.518937884555935,-0.258672398398943,1.35004396572115,-0.357664093461664,0,0,0,0,1,12,"medium attention"
11.07765369,55.24932413,-0.608302960448746,-0.508904457941633,0.681652996247339,-0.160346734598581,0.498037315479733,4.33011842470668,1.49718311180734,-0.31536546550151,0,0,0,0,1,9,"medium attention"
9.677653694,55.44932413,-0.602150051759198,-1.41489026924203,1.43718412946886,0.620582731038759,-0.497101485378383,0.854359922360958,0.589654976503246,-0.593501272871205,0,0,0,0,1,18,"medium attention"
10.77765369,55.44932413,-0.567989076728106,-0.748971188993654,0.752225911190831,-0.210153072219503,-0.455442874106681,-0.389260092239805,1.51132133393669,-0.350057884662248,0,0,0,0,1,12,"medium attention"
10.57765369,54.84932413,-0.607464341237865,-1.3123752736265,1.4944478231159,-0.0926774113978076,-0.256677285139451,1.17399607995981,0.270564032402659,-0.709317157616039,0,0,0,0,1,3,"medium attention"
11.07765369,55.44932413,-0.652996971053072,-0.963499516070202,0.926683207434502,-0.130484495199509,-0.435908414543249,-0.391537784574238,1.13749280826434,-0.440682728027357,0,0,0,0,1,11,"medium attention"
11.17765369,55.04932413,-0.608840518171568,-1.11911320326393,1.34290520652737,-0.127947806165779,-0.515804697145823,-0.390778553796094,0.601065621848006,-0.593345625810311,0,0,0,0,1,18,"medium attention"
10.87765369,54.84932413,-0.604715614833528,-0.871927383325763,0.976645079382188,-0.127164342154564,1.28040703220026,4.51537073457395,0.842236352368869,-0.566270023698909,0,0,0,0,1,9,"medium attention"
10.97765369,54.84932413,-0.595640103791889,-1.170821837801,1.25337752284436,0.0152377592921982,-0.482490599399079,5.38317151399316,0.409974243252562,-0.661215564105889,0,0,0,0,1,10,"medium attention"
11.47765369,54.54932413,-0.421465008109657,-1.00595414113535,1.22026414587164,0.0189304757165087,-0.452117861821651,-0.166805474243453,0.312452559524073,-0.619648968118598,0,0,0,0,1,18,"medium attention"
11.47765369,55.04932413,-0.537621983887577,-1.07618078299973,1.60708270608761,-0.00652187729785789,-0.521591502617178,-0.25487624450822,0.395116626856748,-0.596371604787736,0,0,0,0,1,18,"medium attention"
11.57765369,54.94932413,-0.536954256996818,-1.27113989022651,1.54853252117856,0.277448306629301,-0.521591502617178,-0.396093169243105,-0.00987755591241099,-0.782850827484922,0,0,0,0,1,18,"medium attention"
11.67765369,54.94932413,-0.53556406598656,-1.34696080487188,1.54854765636988,0.393753119589009,-0.521591502617178,-0.396093169243105,-0.0759892313269953,-0.798395456361227,0,0,0,0,1,18,"medium attention"
11.67765369,55.04932413,-0.534488658908139,-1.30920680068116,1.58451855746339,0.35153033144895,-0.520728277411953,-0.396093169243105,-0.0679576395366129,-0.779713694903835,0,0,0,0,1,18,"medium attention"
11.27765369,54.24932413,-0.455381787800696,-0.808229043750995,1.05223627889977,-0.0156255662054677,0.105077969890638,-0.304226245087616,0.553174048055747,-0.29541101486436,0,1,0,0,1,15,"medium attention"
11.17765369,54.34932413,-0.268479052605396,-1.06580467502503,1.50114786960846,0.00100915749609748,0.595549788754633,-0.20476701315068,0.269261837717782,-0.567951390980062,0,1,0,0,1,15,"medium attention"
10.87765369,55.84932413,-0.410296459850775,-0.601196104764902,0.786946040073848,-0.289685845952943,-0.506852731746734,5.09466381829824,1.85128002374791,-0.30823568472176,0,0,0,0,1,10,"medium attention"
10.97765369,54.54932413,-0.275808232933963,-1.16908165112024,1.19332168910301,-0.158637909748669,-0.0704763893642895,1.89146916530641,0.566762226995062,-0.634748124389973,0,1,0,0,1,3,"medium attention"
11.17765369,55.44932413,-0.520585649574328,-1.11911320326393,1.35902721231908,-0.0480402643547466,-0.518586200162148,-0.396093169243105,0.631364287436968,-0.613266745307924,0,0,0,0,1,18,"medium attention"
11.27765369,54.64932413,-0.307041161053368,-1.12989203585041,1.24626337751735,0.0388218142849811,-0.136752931859811,-0.396093169243105,0.333926883100739,-0.645070621186406,0,0,0,0,1,18,"medium attention"
10.87765369,54.64932413,-0.462173152423601,-0.535905722007235,0.919535159278934,-0.128238152673804,-0.163960510468644,1.49818762222753,1.08885603914542,-0.402192379042084,0,0,0,0,1,3,"medium attention"
10.87765369,54.74932413,-0.428570820165041,-0.885015740450317,1.02920596638297,-0.0826216603063206,-0.439105544814557,2.37661763254077,0.801174091552458,-0.54351076182289,0,0,0,0,1,9,"medium attention"
11.17765369,54.64932413,-0.352058516133174,-0.637612278893561,1.03541078941561,-0.0322025390618382,-0.0204093932582087,-0.374075476676914,0.748529684226495,-0.47740724810269,0,0,0,0,1,18,"medium attention"
10.97765369,55.54932413,-0.449018899025717,-0.8324834673177,0.801047195120809,-0.209378151413914,-0.518873941822623,-0.395333938464961,1.30178687690953,-0.400004293119708,0,0,0,0,1,12,"medium attention"
10.67765369,54.94932413,-0.777691258109035,-1.41538484843,1.51992882581089,0.0117038730025773,-0.514429930809448,-0.396093169243105,0.397911362283296,-0.692324364112611,0,0,0,0,0,19,"medium attention"
10.07765369,55.04932413,-0.596871341479212,-0.902902657177657,0.670597041693518,-0.261338938513653,-0.374171822610027,-0.396093169243105,0.813841653250978,0.175635300859419,0,0,0,0,0,11,"medium attention"
9.777653694,55.24932413,-0.649572679566286,-1.13658733690211,1.392551661088,0.152311472576706,-0.493296898437248,-0.396093169243105,0.528288419599465,-0.610986697274291,0,0,0,0,0,19,"medium attention"
10.37765369,54.94932413,-0.618494965140296,-1.07926028923834,1.3723377049716,0.0362367137527074,-0.455666673225673,-0.396093169243105,0.424713857740743,-0.62520561079754,0,0,0,0,0,19,"medium attention"
10.57765369,54.44932413,-0.583949467807291,-0.943415470403948,1.40521739459038,-0.263460562485553,0.153290726353268,-0.382427015236504,0.703073781106474,-0.423937863998318,0,1,0,0,0,15,"medium attention"
10.17765369,54.54932413,-0.659741427665609,-0.944157274349029,1.1857056608319,-0.0525361952118784,0.287889910775343,-0.332317783878964,0.743335956105429,-0.187944280746932,0,1,0,0,0,15,"medium attention"
11.77765369,54.54932413,-0.653328573222772,-1.29757919031508,1.48845004950049,0.145725824630333,-0.509698178007911,-0.396093169243105,-0.133178040092579,-0.760729277870116,0,0,0,0,0,19,"medium attention"
10.47765369,54.44932413,-0.593044502541624,-1.01041439243794,1.46618315603375,-0.232306002476409,-0.363717206622849,-0.256394706064509,0.587710158353541,-0.510305799677343,0,1,0,0,0,15,"medium attention"
10.67765369,56.04932413,-0.572100201539141,-0.706451902288206,0.973499986626351,-0.272735697301034,-0.482938197637062,0.44361607138476,1.66017700938022,-0.40214561028199,0,0,0,0,0,12,"medium attention"
10.97765369,55.04932413,-0.652708976956711,-0.525632722187429,0.727890339774779,-0.181432407189308,0.202846245558545,-0.372557015120625,1.37788065367454,-0.385557999607042,0,0,0,0,0,12,"medium attention"
10.87765369,55.14932413,-0.634439076380589,-1.03576908025164,1.1478973475124,-0.196818383691571,-0.475073257169644,-0.395333938464961,1.27422451493434,-0.401699051975257,0,0,0,0,0,11,"medium attention"
11.27765369,55.94932413,-0.645748644790006,-1.16824802414123,1.2665802529347,-0.320231082489908,-0.521591502617178,-0.390019323017949,1.00874045888542,-0.540306397834741,0,0,0,0,0,11,"medium attention"
11.17765369,54.14932413,-0.653640429610203,-0.791211116384813,1.11689623783999,-0.0190302633032135,-0.365699436982451,-0.299670860418748,0.615708988263616,0.0906114463939957,0,1,0,0,0,15,"medium attention"
11.67765369,54.54932413,-0.638681615407182,-1.25618513180589,1.44936977470264,0.115699488317476,-0.521591502617178,-0.394574707686816,-0.0579554285363355,-0.738920509703209,0,0,0,0,0,19,"medium attention"
10.77765369,55.94932413,-0.480121399994344,-1.00450733255267,0.95886970529092,-0.282102939509062,-0.418516016275941,-0.396093169243105,1.58183411372621,-0.425993102444066,0,0,0,0,0,12,"medium attention"
10.37765369,55.84932413,-0.58728305477073,-1.25731920235003,1.15780726537964,-0.0585614517383644,-0.51494147197257,-0.38850086146166,1.09103458454626,-0.574907308742246,0,0,0,0,0,11,"medium attention"
10.97765369,55.24932413,-0.571361024618244,-0.594741401090265,0.657627817334833,-0.190918121306169,-0.07159541693055,-0.259431629177088,1.58151665950525,-0.318124241327179,0,0,0,0,0,12,"medium attention"
10.97765369,55.34932413,-0.583074937385031,-0.594769263423079,0.559135075508173,-0.193174966769256,-0.206961899829218,-0.356613168779589,1.6929184282854,-0.251600380902459,0,0,0,0,0,12,"medium attention"
10.27765369,54.54932413,-0.509245710976276,-1.00761939741667,1.24814740613259,-0.203219969956892,-0.510337604062173,-0.275375475518123,0.677743084361918,-0.304999895334599,0,1,0,0,0,15,"medium attention"
11.57765369,54.54932413,-0.481533956995198,-1.23172937397086,1.37274574972953,0.0792124369577133,-0.521591502617178,-0.391537784574238,0.0474099039656634,-0.704188721389755,0,0,0,0,0,19,"medium attention"
11.17765369,55.14932413,-0.582163376330196,-1.0660338470933,1.16994811044712,-0.118482852957211,-0.521591502617178,-0.121251627554781,0.87408902593113,-0.517718645696866,0,0,0,0,0,11,"medium attention"
10.17765369,55.74932413,-0.560249681250054,-1.2132924337656,1.11832257826978,0.0992139798166712,-0.517307348053625,-0.396093169243105,1.1578074753661,-0.500407384120016,0,0,0,0,0,11,"medium attention"
10.37765369,55.74932413,-0.592552197252332,-1.06468562560774,1.02605300332764,-0.0877434804931336,-0.50301617606059,-0.395333938464961,1.27272021194464,-0.426936201989508,0,0,0,0,0,11,"medium attention"
10.27765369,55.84932413,-0.516740606021526,-1.31392250927166,1.3012622411356,0.211924859080912,-0.500074815891274,-0.394574707686816,0.825891254262794,-0.699943204273622,0,0,0,0,0,19,"medium attention"
10.87765369,56.04932413,-0.567263494381232,-0.828474410571893,0.909032547319691,-0.292490773270823,-0.515932582036962,-0.335354706991542,1.80003962411394,-0.372680632062471,0,0,0,0,0,12,"medium attention"
10.87765369,54.54932413,-0.508050106327532,-0.944406948888609,1.1542268845215,-0.211747007795199,-0.0914496278866767,5.55475766985383,0.72887155292594,-0.557446426758178,0,1,0,0,0,10,"medium attention"
10.67765369,55.74932413,-0.596209348537497,-0.828729552437158,0.889169727641873,-0.240174846031864,-0.485176188826978,-0.19641547459109,1.48908967335798,-0.425058873630409,0,0,0,0,0,12,"medium attention"
10.57765369,54.74932413,-0.54554387418358,-0.943844164812728,1.11532157253529,-0.234360199427567,0.234146150914652,-0.390019323017949,0.704051059499059,-0.516246860038618,0,0,0,0,0,11,"medium attention"
11.37765369,55.14932413,-0.53378681098258,-1.11911316821697,1.40588515923132,0.0993341971115993,-0.521591502617178,-0.396093169243105,0.416747148028191,-0.633045306506457,0,0,0,0,0,19,"medium attention"
11.57765369,55.14932413,-0.53378681098258,-1.1684726050578,1.62409526653646,0.577277160482514,-0.521591502617178,-0.20476701315068,0.112353196076159,-0.683611104763835,0,0,0,0,0,19,"medium attention"
11.37765369,54.54932413,-0.492940342999614,-0.597468615291834,1.03800496120748,-0.0383565254680688,0.125443721690174,-0.34674316866371,0.6669937808982,-0.499813632954954,0,0,0,0,0,11,"medium attention"
10.97765369,55.84932413,-0.525184160054056,-0.707121649684526,0.828765784500215,-0.308419350503123,-0.513566705636194,-0.270820090849256,1.68238716907544,-0.375273090483304,0,0,0,0,0,12,"medium attention"
11.07765369,54.64932413,-0.553341012951295,-0.701474953661492,0.997013414450021,-0.0609243370619544,-0.178315625386817,-0.343706245551132,0.834639331376586,-0.463395398366907,0,0,0,0,0,11,"medium attention"
10.97765369,54.74932413,-0.553341012951295,-1.16645432075329,1.26460117531799,-0.00055669879802729,-0.486774753962632,-0.396093169243105,0.300279644621644,-0.675642339755277,0,0,0,0,0,19,"medium attention"
10.67765369,55.84932413,-0.423982651432219,-0.942870875700055,1.03603738633617,-0.249864892805132,-0.461005880778757,-0.395333938464961,1.2594965362184,-0.518576976790678,0,0,0,0,0,11,"medium attention"
10.97765369,54.64932413,-0.471827857375169,-0.701627758404975,0.972982968490935,-0.0853264269589661,-0.502888290849738,-0.239691628945329,0.915840200349768,-0.459750636886752,0,0,0,0,0,11,"medium attention"
11.07765369,55.74932413,-0.461183821880703,-1.01777400860724,1.1366670355546,-0.31563832863569,-0.521591502617178,-0.395333938464961,1.09432447267204,-0.52532352413447,0,0,0,0,0,11,"medium attention"
10.77765369,55.74932413,-0.102986313332718,-0.351936521185307,0.767997385951624,-0.257818739725518,-0.464075129036344,0.217365299497686,1.83008230271357,-0.309612622123008,0,0,0,0,0,12,"medium attention"
10.87765369,55.54932413,-0.304784663665135,-0.473517437779113,0.596652066665187,-0.220352067454055,-0.242897663261503,-0.14630624323355,1.75329695635485,-0.251856576264171,0,0,0,0,0,12,"medium attention"
10.67765369,55.64932413,-0.237251486042413,-0.607689395141964,0.801492169745553,-0.151790760096059,-0.500970013006666,0.224198376500987,1.58621270541138,-0.380355497593301,0,0,0,0,0,12,"medium attention"
11.37765369,54.04932413,-0.353566369751932,-1.25858218963005,1.63769151160106,0.275106886492604,-0.411418396665028,-0.374834707455058,0.117584866932798,-0.508487630527532,0,0,0,0,0,19,"medium attention"
11.67765369,54.44932413,-0.590269522457453,-0.734337681518031,1.09793305393411,-0.0504699642829044,-0.472771323374302,0.323657608437922,0.543329046456528,-0.440158616960089,0,1,0,0,0,15,"medium attention"
11.27765369,54.54932413,-0.250952999561247,-0.546441258600763,0.966143678238251,-0.0719436331405783,-0.134610854578034,11.926981590821,0.810156907723664,-0.471465392554131,0,1,0,0,0,10,"medium attention"
11.07765369,54.54932413,-0.25325990455316,-1.13417764815375,1.08693219147668,-0.118183442689813,-0.500586356095257,3.30895302810227,0.723408051954947,-0.548532549823708,0,0,0,0,0,9,"medium attention"
11.17765369,54.54932413,0.11668237375265,-0.835807285911081,0.956004310870635,-0.0946004288045253,-0.390445218888116,3.71362303285331,0.877723434095916,-0.458900610655821,0,0,0,0,0,9,"medium attention"
11.57765369,54.44932413,-0.168376259250776,-0.699403853588992,1.00576276584701,-0.0575165778833394,-0.408253231302172,5.26169458949003,0.698849616355093,-0.376398699673428,0,1,0,0,0,10,"medium attention"
10.17765369,54.84932413,-0.774182880368257,-0.474759466977342,0.447604940421133,-0.272320050443837,0.550725958408287,-0.0696239346409516,0.997979519649463,0.515544776488577,1,0,0,0,0,11,"medium attention"
9.777653694,55.14932413,-0.684153053935981,-0.712677468941538,0.823036811882604,-0.257292766094602,-0.470405446973534,-0.367242399673613,0.809382496490612,0.266710034799528,0,0,0,0,0,11,"medium attention"
11.67765369,54.24932413,-0.70365881570059,-0.647100997853355,1.00298697175933,0.0132803547173184,0.326287477305057,-0.125807012223648,0.765534227076835,-0.0459918959467542,0,1,0,0,0,15,"medium attention"
10.57765369,55.64932413,-0.746722435323638,-0.944548678792885,0.914850514862251,0.0968237501109185,-0.510433517970312,-0.174397782024899,1.48003818083538,-0.383488831552952,0,0,0,0,0,12,"medium attention"
10.27765369,54.94932413,-0.67537262815382,-0.942573957859049,0.933828228551805,-0.2471129701071,-0.505414023764071,-0.390019323017949,0.69814198433665,-0.341781601859505,0,0,0,0,0,11,"medium attention"
11.77765369,54.34932413,-0.742507522894256,-0.699640490659633,1.0313896717863,-0.0445397241257922,-0.232219235366813,-0.155417012571285,0.728338710442704,-0.229043294915163,0,1,0,0,0,15,"medium attention"
10.07765369,54.94932413,-0.553995055534869,-0.335959488516702,0.328315113826991,-0.291946304671456,-0.253160448235272,-0.0438100881840371,1.02302336931309,1.03860220662816,0,0,0,0,0,11,"medium attention"
9.777653694,54.84932413,-0.63919277812044,-0.809367298902102,1.01036265319231,-0.271185090169638,-0.41487129096378,-0.386223169127226,0.736422157305037,-0.0810530607485242,0,0,0,0,0,11,"medium attention"
11.07765369,56.04932413,-0.70897401597085,-0.699495361200284,0.881982933396532,-0.309132233550301,-0.50646907643389,0.719216843851229,1.94116547899069,-0.339024382505818,0,0,0,0,0,12,"medium attention"
11.17765369,55.94932413,-0.70897401597085,-0.736288885942034,1.00403493240617,-0.310374336034116,-0.427691783351726,1.98713224335262,1.55665582030287,-0.382706622074805,0,0,0,0,0,9,"medium attention"
11.07765369,55.84932413,-0.70897401597085,-0.880261304969559,1.02930343701505,-0.3185772219916,-0.521591502617178,-0.394574707686816,1.2299447101413,-0.51107456749299,0,0,0,0,0,11,"medium attention"
10.37765369,54.74932413,-0.477247201953095,-0.942835232942229,0.980386498675947,-0.281041744763004,0.420762644850911,-0.350539322554433,0.80906580112436,-0.355437351271528,0,1,0,0,0,15,"medium attention"
9.877653694,55.14932413,-0.667734373165839,-0.795133151530145,0.970026157515091,-0.248885700584753,-0.445979371700739,-0.123529319889214,0.723589544706773,-0.164555384484606,0,0,1,0,0,11,"medium attention"
10.67765369,54.44932413,-0.638970004329455,-0.872547399086531,1.38897854512169,-0.256627712750602,-0.0393043692190346,-0.379390092123925,0.800813635564511,-0.316994414507499,0,1,0,0,0,15,"medium attention"
10.17765369,54.74932413,-0.604882706954244,-0.659720671988324,0.714916453777166,-0.265839952425028,1.04241265480408,-0.323966245319374,0.956718438898648,0.194661215969694,0,1,0,0,0,15,"medium attention"
10.17765369,54.94932413,-0.640038268648191,-0.502528469738065,0.535197075297657,-0.275314612429951,-0.0730661288266546,-0.345983937885566,0.923893040072071,0.375855892509382,0,0,0,0,0,11,"medium attention"
10.27765369,54.44932413,-0.659741427665609,-1.00762616147986,1.48871824509064,0.430957095942696,-0.51839437234587,5.48642689982082,0.556128648874844,-0.443724568229995,0,0,0,0,0,10,"medium attention"
10.47765369,55.74932413,-0.677122180287402,-0.797041178100026,0.886558604435728,-0.121898328579617,-0.515293155982701,-0.111381627438901,1.5731641986477,-0.254017955805721,0,0,0,0,0,12,"medium attention"
10.27765369,54.64932413,-0.515863307331222,-0.817101286692931,1.00911369720477,-0.289590094684161,-0.491026935944619,-0.319410860650507,0.903167073716697,-0.0837246905134329,0,1,0,0,0,15,"medium attention"
11.87765369,54.54932413,-0.65127328001674,-1.3374936327828,1.47320104154399,0.161060082586714,-0.517179462842773,-0.394574707686816,-0.19160416146521,-0.764363888264955,0,0,0,0,0,19,"medium attention"
10.47765369,55.94932413,-0.572100201539141,-0.871835069634402,0.97373427938795,-0.210763191832707,-0.495758690344721,-0.00660778005495444,1.51667303031352,-0.386876061341335,0,0,0,0,0,12,"medium attention"
10.57765369,56.04932413,-0.572100201539141,-0.791211466854408,1.00063072517497,-0.255213000768185,-0.42638095994049,0.0541306821966091,1.55873381745444,-0.427009788777197,0,0,0,0,0,12,"medium attention"
10.67765369,55.94932413,-0.572100201539141,-1.07178042695095,1.15951269873733,-0.269658214164979,-0.422992005050033,-0.383945476792793,1.22234364192389,-0.543847737153023,0,0,0,0,0,11,"medium attention"
10.37765369,56.04932413,-0.574314053242196,-0.966090362552301,1.08717859239133,-0.15463665805597,-0.521591502617178,-0.341428553216698,1.52996019688396,-0.399077543060442,0,0,1,0,0,12,"medium attention"
11.67765369,54.34932413,-0.735505790089995,-0.641743544387194,0.989456716128874,-0.0425398178684469,-0.222819688354818,-0.160731628018297,0.820878765941983,-0.124935640722419,0,1,0,0,0,15,"medium attention"
10.17765369,54.64932413,-0.529776075146386,-0.791876202535517,0.963258305365427,-0.247571179888379,-0.0873892404708125,-0.361927784226601,0.879195865187733,-0.0260108485953361,0,1,0,0,0,15,"medium attention"
10.47765369,56.04932413,-0.572291108841018,-1.12855341723176,0.989246639673383,-0.210206750497141,-0.519065769638902,2.46772532591811,1.57099741549489,-0.415812461105982,0,0,1,0,0,9,"medium attention"
10.27765369,54.74932413,-0.657011408382193,-0.715627546758659,0.842178591046043,-0.28988292147769,0.575919376917498,-0.292837783415447,0.94517208503632,-0.0100191456613042,0,1,0,0,0,15,"medium attention"
11.07765369,54.04932413,-0.653640429610203,-0.791219878124692,1.23709508402468,0.0869703719440825,-0.371550178984684,0.0822222209879572,0.685717129670014,0.867932802176411,0,0,0,0,0,11,"medium attention"
11.17765369,54.04932413,-0.653640429610203,-0.791253102642311,1.27384877721316,0.0107914647659575,-0.428938667354667,1.44959685242628,0.644930080162294,0.705422619464082,0,0,0,0,0,3,"medium attention"
10.97765369,54.04932413,-0.649822705318531,-0.735963159500307,1.2930238537975,0.335683481155051,-0.305145792841004,-0.311059322090916,0.614348361765956,0.563892134118622,0,0,0,0,0,11,"medium attention"
11.27765369,54.14932413,-0.529345692468771,-0.702839296748426,1.05418145368794,-0.0189064633736685,-0.476639851002585,0.377562993686185,0.639132936069827,0.112297678925955,0,0,0,0,0,11,"medium attention"
11.27765369,55.84932413,-0.637671258141129,-1.11913111226025,1.35826560949197,-0.305652117400744,-0.521335732201867,-0.396093169243105,0.831422546254677,-0.577836559401934,0,0,0,0,0,11,"medium attention"
10.47765369,54.64932413,-0.565309061249141,-0.871951916197423,1.06466408719464,-0.281890461717543,-0.518362401043157,-0.360409322670312,0.931003002815377,-0.301004868493079,0,1,0,0,0,15,"medium attention"
10.37765369,55.94932413,-0.576883578035622,-1.22450510915921,1.15538926721471,-0.128948218606582,-0.500746213248248,-0.36344624578289,1.28505855717417,-0.509242912674723,0,0,0,0,0,11,"medium attention"
10.97765369,55.14932413,-0.621137012275145,-0.594462111869896,0.748755109117835,-0.18926125996861,0.739388647689486,-0.344465476329276,1.4570519657219,-0.361558981701165,0,0,0,0,0,12,"medium attention"
10.37765369,55.64932413,-0.623386245763925,-0.808634992683049,0.950670064042593,-0.13251753317186,0.132221637865347,-0.248802398283064,1.58857299651561,-0.16049495384447,0,0,0,0,0,12,"medium attention"
11.07765369,55.94932413,-0.625780667508609,-0.622381921697409,0.913849170604666,-0.301528749922978,-0.476511965791732,0.966726077526351,1.70737600177248,-0.390356947027734,0,0,0,0,0,12,"medium attention"
9.677653694,55.34932413,-0.602150051759198,-1.29965697384276,1.51547423630223,0.718921580638981,-0.498923848354177,-0.390778553796094,0.524684871526278,-0.590589141894829,0,0,0,0,0,19,"medium attention"
9.777653694,55.34932413,-0.602150051759198,-1.11919566875967,1.5237616616602,0.352355960313735,-0.49847625075562,-0.394574707686816,0.519210240686184,-0.575794961777012,0,0,0,0,0,19,"medium attention"
10.47765369,55.84932413,-0.668363775023163,-0.871513899297413,0.95825824356168,-0.174603630021914,-0.500170730438839,0.838416076019923,1.47608416836128,-0.37150540104255,0,0,0,0,0,12,"medium attention"
10.17765369,55.64932413,-0.560249681250054,-0.904733405201808,1.02602575998327,-0.0532662259119238,-0.521591502617178,0.803491460225274,1.3423986309789,-0.344409701969782,0,0,0,0,0,12,"medium attention"
10.87765369,55.94932413,-0.576710139537032,-0.870633729956169,0.867260024690236,-0.295083222797183,-0.477087449240568,-0.191100859144079,1.74963940312136,-0.380057727541731,0,0,0,0,0,12,"medium attention"
10.87765369,55.44932413,-0.652996971053072,-0.36703909716707,0.515232486593418,-0.203308709060484,0.0254694581063667,-0.0802531655349752,1.81786524776209,-0.202148269588901,0,0,0,0,0,12,"medium attention"
10.77765369,56.04932413,-0.566156478796543,-0.796080996550211,0.941001703828786,-0.280354123882998,-0.478749956981648,-0.285245475634002,1.73264143701185,-0.381935695377919,0,0,0,0,0,12,"medium attention"
10.97765369,55.94932413,-0.59874108669646,-0.424855680761342,0.854637275131197,-0.299659747622794,-0.50947437888892,-0.17136085891232,1.84874342539904,-0.354227919500789,0,0,0,0,0,12,"medium attention"
10.47765369,54.74932413,-0.495691987975041,-0.791579670211066,0.985686237267785,-0.264019974039562,0.665758737541258,-0.257913167620798,0.817709409239541,-0.412398534956764,0,1,0,0,0,15,"medium attention"
11.27765369,55.04932413,-0.59284852755943,-1.11911320326393,1.39898290658275,-0.10125632088604,-0.507843841811127,-0.305744706643905,0.512916299709276,-0.607061682725612,0,0,0,0,0,19,"medium attention"
10.27765369,55.64932413,-0.516740606021526,-0.889275347909691,1.01518593596147,-0.12141522408087,-0.520856162654777,-0.107585473548179,1.41510993934333,-0.272775363486806,0,0,0,0,0,12,"medium attention"
10.37765369,54.54932413,-0.40822707853833,-0.948625306076635,1.28822660355741,-0.265083495967081,-0.394793316057095,-0.351298553332577,0.707210551090252,-0.352941564260738,0,1,0,0,0,15,"medium attention"
11.47765369,54.44932413,-0.416404192379979,-0.611890999883342,0.929580083052727,-0.0556086871561159,0.00392080007774944,3.63769995503886,0.803486954237224,-0.389970156556937,0,1,0,0,0,9,"medium attention"
11.07765369,55.14932413,-0.539458507644972,-0.737880578655337,0.799320572495275,-0.169805900474306,-0.482106943766522,7.4786484616721,1.30712858169933,-0.388990400280725,0,0,0,0,0,10,"medium attention"
11.07765369,55.34932413,-0.526617916514401,-0.790008760344754,0.692594468214033,-0.157442075306789,2.95180279543475,-0.396093169243105,1.46889009922079,-0.327939496750032,0,0,0,0,0,1,"medium attention"
10.57765369,54.54932413,-0.509106534842217,-0.943407444650219,1.20695425862678,-0.283077630470564,-0.264286448790904,1.0919991559202,0.81025328227202,-0.428196144956576,0,1,0,0,0,3,"medium attention"
11.47765369,54.24932413,-0.378632588221494,-0.709359327955598,0.896915313150667,0.00538272760169276,0.235616830839454,-0.345224707107421,0.713761237911206,-0.18675697362881,0,1,0,0,0,15,"medium attention"
11.47765369,54.04932413,-0.378632588221494,-1.34544179604792,1.55658807540554,1.01098487492446,-0.477662932689403,-0.390778553796094,0.00447251315721703,-0.630810493371083,0,0,0,0,0,19,"medium attention"
10.77765369,54.54932413,-0.501008677815788,-0.792408951367095,1.10745187845769,-0.240647692559698,-0.469190540667567,3.53672226154563,0.903698777917864,-0.440366883406299,0,1,0,0,0,9,"medium attention"
10.47765369,54.54932413,-0.457345799947817,-0.899644867056,1.2739480640682,-0.283878425859498,-0.371582156681658,-0.289041629524725,0.766437390659266,-0.367779678699665,0,1,0,0,0,15,"medium attention"
11.47765369,54.94932413,-0.540627147478574,-1.3781308346778,1.49987469731481,0.114863938310675,-0.521591502617178,-0.396093169243105,-0.0213539686654985,-0.78467876543631,0,0,0,0,0,19,"medium attention"
11.57765369,55.04932413,-0.534898447825105,-1.16891181355443,1.64818080459195,0.124961456185219,-0.519897023669298,-0.360409322670312,0.215979865958401,-0.66647663774714,0,0,0,0,0,19,"medium attention"
11.37765369,54.14932413,-0.429576078344171,-0.714614689628694,1.03717857976153,0.023816515676387,-0.400612093150876,-0.0559577806343498,0.638584663540792,0.0908068089929506,0,0,0,0,0,11,"medium attention"
11.27765369,55.14932413,-0.53378681098258,-1.00811289365359,1.23464257762355,-0.0417898530219423,-0.5145897870033,0.206736068603662,0.758260731143208,-0.530436379648529,0,0,0,0,0,11,"medium attention"
11.37765369,55.04932413,-0.53378681098258,-1.11910889248791,1.45594813425701,-0.0503002637611287,-0.517659032383469,-0.0278662418430017,0.409577868141606,-0.636332893366995,0,0,0,0,0,19,"medium attention"
10.97765369,56.04932413,-0.542825587511078,-0.869901949441509,0.871832668691168,-0.302773393933915,-0.519193654913697,0.388192224580208,1.89301437688711,-0.349131978523936,0,0,0,0,0,12,"medium attention"
10.37765369,54.44932413,-0.377672847188722,-1.01670759972313,1.48201698778277,-0.139888206790691,-0.505669793866063,-0.197174705369235,0.585812136244376,-0.457941280539969,0,0,0,0,0,19,"medium attention"
11.37765369,54.44932413,-0.327540634582504,-0.700006205682165,0.978799119810536,-0.0501212238927019,0.293261089631141,-0.125047781445503,0.75580722738525,-0.457913034897037,0,0,0,0,0,11,"medium attention"
10.77765369,55.84932413,-0.434384048456991,-0.28177348955244,0.826281191493486,-0.27594549295145,-0.504103200672548,-0.395333938464961,1.77059656721216,-0.348951380028665,0,0,0,0,0,12,"medium attention"
10.57765369,54.64932413,-0.607464341237865,-0.872129358953444,1.02710096397449,-0.268653698535811,-0.140173861250111,-0.361927784226601,0.944199865675146,-0.37041172657644,0,1,0,0,0,15,"medium attention"
10.87765369,55.34932413,-0.450500999227019,-0.487675533248924,0.578270013565137,-0.196575193228933,-0.416054238755555,-0.349780091776288,1.69709250862582,-0.248667344357379,0,0,0,0,0,12,"medium attention"
10.97765369,55.44932413,-0.514537140931957,-0.515267338582342,0.483044596299398,-0.202641481639067,0.294092343501681,-0.381667784458359,1.76714618131491,-0.165719911892967,0,0,0,0,0,12,"medium attention"
10.47765369,55.64932413,-0.668363775023163,-0.871842289308062,0.914894104213247,-0.0692307519736294,-0.0933678740781588,-0.306503937422049,1.61308830387269,-0.199222952160718,0,0,0,0,0,12,"medium attention"
11.87765369,54.34932413,-0.506508602773072,-0.871838013579001,1.12682855579038,-0.0409970496640765,-0.259554708777889,0.715420689960507,0.524477324762692,-0.414734033006381,0,0,0,0,0,3,"medium attention"
10.67765369,54.54932413,-0.254468655110118,-0.791564600018475,1.11849148700489,-0.268330526520867,-0.359209252940305,5.04759151005327,0.942204583687128,-0.385221362496809,0,1,0,0,0,10,"medium attention"
10.77765369,54.64932413,-0.428570820165041,-0.545878789947518,0.914562946227213,-0.190812326412136,-0.220038175427389,3.02272302474178,1.13477914381613,-0.393834036833105,0,0,0,0,0,9,"medium attention"
11.37765369,54.34932413,-0.383756463930674,-0.791210800962177,1.00997579770223,-0.0294144225679309,0.443270473932224,-0.15465778179314,0.63630759350325,-0.402185629016498,0,1,0,0,0,15,"medium attention"
11.27765369,54.34932413,-0.340553490950573,-0.871557147245453,1.21959577582305,-0.0280818049736194,0.396688253907961,-0.349020860998144,0.461394617928929,-0.471521917249784,0,1,0,0,0,15,"medium attention"
10.67765369,54.64932413,-0.438209956413025,-0.753264301346324,1.00674655328267,-0.240849606172219,0.719086870466679,-0.15465778179314,0.956933574209349,-0.438087762695613,0,0,0,0,0,11,"medium attention"
10.57765369,55.54932413,-0.574551128255854,-1.2146084120484,1.37424413366999,1.55234374744386,-0.515996524642389,-0.394574707686816,0.959879321723479,-0.603026568823112,0,0,0,0,0,19,"medium attention"
10.37765369,54.64932413,-0.171396206380192,-0.810153226969211,1.06182169826516,-0.291842836958883,-0.504966425845801,-0.303467014309471,0.914735434365657,-0.219274555309228,0,1,0,0,0,15,"medium attention"
11.87765369,54.24932413,-0.309171740382208,-0.872741384007443,1.1972931633048,0.0785630920885735,0.706841893498871,-0.147065474011695,0.523835207201006,-0.370201519945855,0,0,0,0,0,11,"medium attention"
10.77765369,55.54932413,-0.396955224976846,-0.542751830125728,0.683141633124593,-0.21458047370678,-0.457968610218145,-0.281449321743279,1.67501223956205,-0.324261534906833,0,0,0,0,0,12,"medium attention"
10.87765369,55.64932413,-0.346338834662472,-0.825874381786402,0.804037303517552,-0.218096783652211,-0.517850860199747,-0.211600090153981,1.45002901831884,-0.405904354643612,0,0,0,0,0,12,"medium attention"
11.07765369,55.54932413,-0.304784663665135,-1.07357900186626,1.19475468901698,-0.126972808996191,-0.504454884043253,-0.396093169243105,0.737163052454999,-0.591940164326742,0,0,0,0,0,11,"medium attention"
10.77765369,55.64932413,-0.382869765691664,-0.387740600166048,0.67212242681529,-0.235943570824264,-0.493872382845223,7.88028154331057,1.84174577315303,-0.262103370809957,0,0,0,0,0,10,"medium attention"
11.77765369,54.24932413,-0.13343802454489,-0.701020990394903,1.05701112905671,0.027738153266485,0.536786534367988,0.7511045365333,0.700848439665097,-0.117232688235045,0,1,0,0,0,15,"medium attention"
11.57765369,54.34932413,-0.408459689327185,-0.647441444018078,0.930115263417724,-0.0333425823902805,-0.149765252064035,-0.349020860998144,0.810333720871436,-0.2293821297044,0,1,0,0,0,15,"medium attention"
11.47765369,54.34932413,-0.0365230690655426,-0.699658329562025,0.91224484032498,-0.0246409140799988,0.279513461435818,-0.352817014888866,0.735130080682979,-0.357928103642985,0,1,0,0,0,15,"medium attention"
11.37765369,54.24932413,-0.353566369751932,-0.790874280056921,0.901676844339245,-0.0101561385983739,-0.0387928923182308,-0.255635475286365,0.623403395610537,-0.250780383765118,0,1,0,0,0,15,"medium attention"
11.57765369,54.14932413,0.563896322972645,-1.03152335138823,1.24694143408839,0.434131004005325,-0.392651232381058,-0.202489320816247,0.344357341109854,-0.424128227246246,0,0,0,0,0,19,"medium attention"
11.47765369,54.14932413,0.504891160721063,-0.793612849473372,1.10333147397334,0.202724408417832,-0.38094973558807,0.865748384033126,0.543967369744658,-0.105494783109054,0,0,0,0,0,3,"medium attention"
11.57765369,54.24932413,2.61284003290401,-0.643543205758256,0.94302739783476,0.0109722193996711,0.186157225542316,1.72823454800533,0.753337661202565,-0.160075943944353,0,1,0,0,0,16,"medium attention"
